{"assets":[{"id":"comp_Rectangle_88036538-D188-4A9A-8635-CBC16E7DA27F","layers":[{"ty":3,"ao":0,"ddd":0,"ind":15,"ip":0,"ks":{"a":{"a":0,"k":[40,40,0]},"o":{"a":0,"k":100},"p":{"s":true,"x":{"a":0,"k":40},"y":{"a":0,"k":40}},"r":{"a":0,"k":0},"s":{"a":0,"k":[100,100]}},"nm":"Rectangle-null","op":61,"sr":1,"st":0,"tt":0},{"ty":4,"ao":0,"ddd":0,"ind":14,"ip":0,"ks":{"a":{"a":0,"k":[0,0]},"o":{"a":0,"k":100},"p":{"a":0,"k":[0,0]},"r":{"a":0,"k":0},"s":{"a":0,"k":[100,100]}},"nm":"Rectangle-content","op":61,"parent":15,"shapes":[{"ty":"gr","cix":2,"it":[{"ty":"sh","ind":0,"ks":{"a":0,"k":{"c":true,"i":[[0,0],[-21.943350814194545,3.528759945410651e-15],[0,0],[-1.4210854715202004e-14,-21.943350814194535],[0,-7.105427357601002e-15],[0,0],[21.943350814194538,0],[7.105427357601002e-15,0],[0,0],[2.6872854337170818e-15,21.943350814194545],[0,0]],"o":[[-2.6872854337170818e-15,-21.943350814194545],[0,0],[21.943350814194538,-8.40116260767984e-15],[0,7.105427357601002e-15],[0,0],[0,21.943350814194538],[-7.105427357601002e-15,0],[0,0],[-21.943350814194545,0],[0,0],[0,0]],"v":[[0,40.00000000000001],[39.99999999999999,0],[39.99999999999999,0],[80,39.999999999999986],[80,40],[80,40.00000000000001],[40.00000000000001,80],[39.99999999999999,80],[40.000000000000014,80],[0,40.000000000000014],[0,40.000000000000014]]}},"nm":"Rectangle-path"},{"ty":"fl","c":{"a":0,"k":[0.6627450980392157,0.2627450980392157,0.11764705882352941,1]},"nm":"Fill 1","o":{"a":0,"k":100},"r":1},{"ty":"tr","a":{"a":0,"k":[0,0]},"nm":"Transform","o":{"a":0,"k":100},"p":{"a":0,"k":[0,0]},"r":{"a":0,"k":0},"s":{"a":0,"k":[100,100]},"sa":{"a":0,"k":0},"sk":{"a":0,"k":0}}],"nm":"Rectangle-content","np":3}],"sr":1,"st":0,"tt":0}]},{"id":"maskComp_Mask_0B9A2101-02A8-40C5-A755-874B2A1A1058","layers":[{"ty":3,"ao":0,"ddd":0,"ind":25,"ip":0,"ks":{"a":{"a":0,"k":[16.5,19.5,0]},"o":{"a":0,"k":100},"p":{"s":true,"x":{"a":0,"k":40.5},"y":{"a":1,"k":[{"i":{"x":[1],"y":[1]},"o":{"x":[0],"y":[0]},"s":[38.5],"t":0},{"i":{"x":[0.58],"y":[1]},"o":{"x":[0.42],"y":[0]},"s":[38.5],"t":43.199999999999996},{"i":{"x":[0.58],"y":[1]},"o":{"x":[0.42],"y":[0]},"s":[31.5],"t":52.5},{"i":{"x":[0.58],"y":[1]},"o":{"x":[0.42],"y":[0]},"s":[38.5],"t":60}]}},"r":{"a":1,"k":[{"i":{"x":[1],"y":[1]},"o":{"x":[0],"y":[0]},"s":[0],"t":0},{"i":{"x":[0.58],"y":[1]},"o":{"x":[0.42],"y":[0]},"s":[0],"t":43.199999999999996},{"i":{"x":[0.58],"y":[1]},"o":{"x":[0.42],"y":[0]},"s":[14.999999999999998],"t":52.5},{"i":{"x":[0.58],"y":[1]},"o":{"x":[0.42],"y":[0]},"s":[0],"t":60}]},"s":{"a":0,"k":[100,100]}},"nm":"Mask-null","op":61,"sr":1,"st":0,"tt":0},{"ty":4,"ao":0,"ddd":0,"ind":26,"ip":0,"ks":{"a":{"a":0,"k":[0,0]},"o":{"a":0,"k":100},"p":{"a":0,"k":[0,0]},"r":{"a":0,"k":0},"s":{"a":0,"k":[100,100]}},"nm":"Mask-mask","op":61,"parent":25,"shapes":[{"ty":"gr","cix":2,"it":[{"ty":"sh","ind":0,"ks":{"a":0,"k":{"c":true,"i":[[0,0],[-3.2915026221291814,5.293139918115977e-16],[0,0],[0,-3.2915026221291805],[0,0],[3.2915026221291797,0],[0,0],[4.0309281505756204e-16,3.2915026221291797]],"o":[[-4.030928150575622e-16,-3.2915026221291814],[0,0],[3.2915026221291797,2.0154640752878102e-16],[0,0],[0,3.2915026221291797],[0,0],[-3.2915026221291805,0],[0,0]],"v":[[0,6.000000000000001],[5.999999999999999,0],[27,0],[33,6],[33,33],[27,39],[6,39],[0,33]]}},"nm":"Mask-path"},{"ty":"fl","c":{"a":0,"k":[0,0,0,1]},"nm":"Fill 1","o":{"a":0,"k":100},"r":1},{"ty":"tr","a":{"a":0,"k":[0,0]},"nm":"Transform","o":{"a":0,"k":100},"p":{"a":0,"k":[0,0]},"r":{"a":0,"k":0},"s":{"a":0,"k":[100,100]},"sa":{"a":0,"k":0},"sk":{"a":0,"k":0}}],"nm":"Mask-mask","np":3}],"sr":1,"st":0,"tt":0},{"ty":0,"ao":0,"ddd":0,"h":80,"ind":20,"ip":0,"ks":{"a":{"a":0,"k":[0,0]},"o":{"a":0,"k":100},"p":{"a":0,"k":[0,0]},"r":{"a":0,"k":0},"s":{"a":0,"k":[100,100]}},"nm":"Mask-composition","op":61,"refId":"comp_Mask_0B9A2101-02A8-40C5-A755-874B2A1A1058","sr":1,"st":0,"tt":1,"w":80}]},{"id":"comp_Mask_0B9A2101-02A8-40C5-A755-874B2A1A1058","layers":[{"ty":3,"ao":0,"ddd":0,"ind":25,"ip":0,"ks":{"a":{"a":0,"k":[16.5,19.5,0]},"o":{"a":0,"k":100},"p":{"s":true,"x":{"a":0,"k":40.5},"y":{"a":1,"k":[{"i":{"x":[1],"y":[1]},"o":{"x":[0],"y":[0]},"s":[38.5],"t":0},{"i":{"x":[0.58],"y":[1]},"o":{"x":[0.42],"y":[0]},"s":[38.5],"t":43.199999999999996},{"i":{"x":[0.58],"y":[1]},"o":{"x":[0.42],"y":[0]},"s":[31.5],"t":52.5},{"i":{"x":[0.58],"y":[1]},"o":{"x":[0.42],"y":[0]},"s":[38.5],"t":60}]}},"r":{"a":1,"k":[{"i":{"x":[1],"y":[1]},"o":{"x":[0],"y":[0]},"s":[0],"t":0},{"i":{"x":[0.58],"y":[1]},"o":{"x":[0.42],"y":[0]},"s":[0],"t":43.199999999999996},{"i":{"x":[0.58],"y":[1]},"o":{"x":[0.42],"y":[0]},"s":[14.999999999999998],"t":52.5},{"i":{"x":[0.58],"y":[1]},"o":{"x":[0.42],"y":[0]},"s":[0],"t":60}]},"s":{"a":0,"k":[100,100]}},"nm":"Mask-null","op":61,"sr":1,"st":0,"tt":0},{"ty":0,"ao":0,"ddd":0,"h":80,"ind":90,"ip":0,"ks":{"a":{"a":0,"k":[0,0]},"o":{"a":1,"k":[{"i":{"x":[1],"y":[1]},"o":{"x":[0],"y":[0]},"s":[0],"t":0},{"i":{"x":[0.58],"y":[1]},"o":{"x":[0.42],"y":[0]},"s":[0],"t":32.7},{"i":{"x":[0.58],"y":[1]},"o":{"x":[0.42],"y":[0]},"s":[100],"t":34.8},{"i":{"x":[1],"y":[1]},"o":{"x":[0],"y":[0]},"s":[100],"t":60}]},"p":{"a":0,"k":[0,0]},"r":{"a":0,"k":0},"s":{"a":0,"k":[100,100]}},"nm":"line1-composition","op":61,"refId":"comp_line1_18B726E2-3533-469B-AA86-0D6DB7E936A2","sr":1,"st":0,"tt":0,"w":80},{"ty":0,"ao":0,"ddd":0,"h":80,"ind":80,"ip":0,"ks":{"a":{"a":0,"k":[0,0]},"o":{"a":1,"k":[{"i":{"x":[1],"y":[1]},"o":{"x":[0],"y":[0]},"s":[0],"t":0},{"i":{"x":[0.58],"y":[1]},"o":{"x":[0.42],"y":[0]},"s":[0],"t":33.6},{"i":{"x":[0.58],"y":[1]},"o":{"x":[0.42],"y":[0]},"s":[100],"t":34.8},{"i":{"x":[1],"y":[1]},"o":{"x":[0],"y":[0]},"s":[100],"t":60}]},"p":{"a":0,"k":[0,0]},"r":{"a":0,"k":0},"s":{"a":0,"k":[100,100]}},"nm":"line2-composition","op":61,"refId":"comp_line2_ECA0ED52-9D4F-4D7F-B810-BEF4ED6744AA","sr":1,"st":0,"tt":0,"w":80},{"ty":0,"ao":0,"ddd":0,"h":80,"ind":70,"ip":0,"ks":{"a":{"a":0,"k":[0,0]},"o":{"a":1,"k":[{"i":{"x":[1],"y":[1]},"o":{"x":[0],"y":[0]},"s":[0],"t":0},{"i":{"x":[0.58],"y":[1]},"o":{"x":[0.42],"y":[0]},"s":[0],"t":34.8},{"i":{"x":[0.58],"y":[1]},"o":{"x":[0.42],"y":[0]},"s":[100],"t":36.6},{"i":{"x":[1],"y":[1]},"o":{"x":[0],"y":[0]},"s":[100],"t":60}]},"p":{"a":0,"k":[0,0]},"r":{"a":0,"k":0},"s":{"a":0,"k":[100,100]}},"nm":"line3-composition","op":61,"refId":"comp_line3_BBEA7A48-55A9-46C3-B7A0-D1B7CC7AA82B","sr":1,"st":0,"tt":0,"w":80},{"ty":0,"ao":0,"ddd":0,"h":80,"ind":60,"ip":0,"ks":{"a":{"a":0,"k":[0,0]},"o":{"a":1,"k":[{"i":{"x":[1],"y":[1]},"o":{"x":[0],"y":[0]},"s":[0],"t":0},{"i":{"x":[1],"y":[1]},"o":{"x":[0],"y":[0]},"s":[0],"t":30.3},{"i":{"x":[0.58],"y":[1]},"o":{"x":[0.42],"y":[0]},"s":[100],"t":33.900000000000006},{"i":{"x":[1],"y":[1]},"o":{"x":[0],"y":[0]},"s":[100],"t":60}]},"p":{"a":0,"k":[0,0]},"r":{"a":0,"k":0},"s":{"a":0,"k":[100,100]}},"nm":"image-composition","op":61,"refId":"comp_image_0DC8B9D5-2564-4FAC-8E18-D9C07EFCA894","sr":1,"st":0,"tt":0,"w":80},{"ty":0,"ao":0,"ddd":0,"h":80,"ind":50,"ip":0,"ks":{"a":{"a":0,"k":[0,0]},"o":{"a":0,"k":100},"p":{"a":0,"k":[0,0]},"r":{"a":0,"k":0},"s":{"a":0,"k":[100,100]}},"nm":"Mask-composition","op":61,"refId":"comp_Mask_9C0EBE2B-3C6E-44F5-8AAE-8029156B9291","sr":1,"st":0,"tt":0,"w":80}]},{"id":"maskComp_PDF_151C07AA-5FA7-4A2E-B906-7F2D5156ECE8","layers":[{"ty":3,"ao":0,"ddd":0,"ind":35,"ip":0,"ks":{"a":{"a":1,"k":[{"i":{"x":[1],"y":[1]},"o":{"x":[0],"y":[0]},"s":[1.7,0.1,0],"t":0},{"i":{"x":[0.58],"y":[1]},"o":{"x":[0.42],"y":[0]},"s":[1.7,0.1,0],"t":27},{"i":{"x":[0.58],"y":[1]},"o":{"x":[0.42],"y":[0]},"s":[11,6.5,0],"t":30},{"i":{"x":[1],"y":[1]},"o":{"x":[0],"y":[0]},"s":[11,6.5,0],"t":60}]},"o":{"a":0,"k":100},"p":{"s":true,"x":{"a":1,"k":[{"i":{"x":[1],"y":[1]},"o":{"x":[0],"y":[0]},"s":[48],"t":0},{"i":{"x":[0.58],"y":[1]},"o":{"x":[0.42],"y":[0]},"s":[48],"t":43.199999999999996},{"i":{"x":[0.58],"y":[1]},"o":{"x":[0.42],"y":[0]},"s":[52],"t":50.099999999999994},{"i":{"x":[0.58],"y":[1]},"o":{"x":[0.42],"y":[0]},"s":[48],"t":60}]},"y":{"a":1,"k":[{"i":{"x":[1],"y":[1]},"o":{"x":[0],"y":[0]},"s":[29.5],"t":0},{"i":{"x":[0.58],"y":[1]},"o":{"x":[0.42],"y":[0]},"s":[29.5],"t":43.199999999999996},{"i":{"x":[0.58],"y":[1]},"o":{"x":[0.42],"y":[0]},"s":[24],"t":50.099999999999994},{"i":{"x":[0.58],"y":[1]},"o":{"x":[0.42],"y":[0]},"s":[29.5],"t":60}]}},"r":{"a":1,"k":[{"i":{"x":[1],"y":[1]},"o":{"x":[0],"y":[0]},"s":[0],"t":0},{"i":{"x":[0.58],"y":[1]},"o":{"x":[0.42],"y":[0]},"s":[0],"t":43.199999999999996},{"i":{"x":[0.58],"y":[1]},"o":{"x":[0.42],"y":[0]},"s":[14.999999999999998],"t":50.099999999999994},{"i":{"x":[0.58],"y":[1]},"o":{"x":[0.42],"y":[0]},"s":[0],"t":60}]},"s":{"a":0,"k":[100,100]}},"nm":"PDF-null","op":61,"sr":1,"st":0,"tt":0},{"ty":4,"ao":0,"ddd":0,"ind":36,"ip":0,"ks":{"a":{"a":0,"k":[0,0]},"o":{"a":0,"k":100},"p":{"a":0,"k":[0,0]},"r":{"a":0,"k":0},"s":{"a":0,"k":[100,100]}},"nm":"PDF-mask","op":61,"parent":35,"shapes":[{"ty":"gr","cix":2,"it":[{"ty":"rc","d":1,"nm":"PDF-background","p":{"a":1,"k":[{"i":{"x":[1],"y":[1]},"o":{"x":[0],"y":[0]},"s":[1.7,0.1],"t":0},{"i":{"x":[0.58],"y":[1]},"o":{"x":[0.42],"y":[0]},"s":[1.7,0.1],"t":27},{"i":{"x":[0.58],"y":[1]},"o":{"x":[0.42],"y":[0]},"s":[11,6.5],"t":30},{"i":{"x":[1],"y":[1]},"o":{"x":[0],"y":[0]},"s":[11,6.5],"t":60}]},"r":{"a":0,"k":0},"s":{"a":1,"k":[{"i":{"x":[1],"y":[1]},"o":{"x":[0],"y":[0]},"s":[3.4,0.2],"t":0},{"i":{"x":[0.58],"y":[1]},"o":{"x":[0.42],"y":[0]},"s":[3.4,0.2],"t":27},{"i":{"x":[0.58],"y":[1]},"o":{"x":[0.42],"y":[0]},"s":[22,13],"t":30},{"i":{"x":[1],"y":[1]},"o":{"x":[0],"y":[0]},"s":[22,13],"t":60}]}},{"ty":"fl","c":{"a":0,"k":[0,0,0,1]},"nm":"Fill 1","o":{"a":0,"k":0},"r":1},{"ty":"tr","a":{"a":0,"k":[0,0]},"nm":"Transform","o":{"a":0,"k":100},"p":{"a":0,"k":[0,0]},"r":{"a":0,"k":0},"s":{"a":0,"k":[100,100]},"sa":{"a":0,"k":0},"sk":{"a":0,"k":0}}],"nm":"PDF-mask","np":3}],"sr":1,"st":0,"tt":0},{"ty":0,"ao":0,"ddd":0,"h":80,"ind":30,"ip":0,"ks":{"a":{"a":0,"k":[0,0]},"o":{"a":0,"k":100},"p":{"a":0,"k":[0,0]},"r":{"a":0,"k":0},"s":{"a":0,"k":[100,100]}},"nm":"PDF-composition","op":61,"refId":"comp_PDF_151C07AA-5FA7-4A2E-B906-7F2D5156ECE8","sr":1,"st":0,"tt":0,"w":80}]},{"id":"comp_PDF_151C07AA-5FA7-4A2E-B906-7F2D5156ECE8","layers":[{"ty":3,"ao":0,"ddd":0,"ind":35,"ip":0,"ks":{"a":{"a":1,"k":[{"i":{"x":[1],"y":[1]},"o":{"x":[0],"y":[0]},"s":[1.7,0.1,0],"t":0},{"i":{"x":[0.58],"y":[1]},"o":{"x":[0.42],"y":[0]},"s":[1.7,0.1,0],"t":27},{"i":{"x":[0.58],"y":[1]},"o":{"x":[0.42],"y":[0]},"s":[11,6.5,0],"t":30},{"i":{"x":[1],"y":[1]},"o":{"x":[0],"y":[0]},"s":[11,6.5,0],"t":60}]},"o":{"a":0,"k":100},"p":{"s":true,"x":{"a":1,"k":[{"i":{"x":[1],"y":[1]},"o":{"x":[0],"y":[0]},"s":[48],"t":0},{"i":{"x":[0.58],"y":[1]},"o":{"x":[0.42],"y":[0]},"s":[48],"t":43.199999999999996},{"i":{"x":[0.58],"y":[1]},"o":{"x":[0.42],"y":[0]},"s":[52],"t":50.099999999999994},{"i":{"x":[0.58],"y":[1]},"o":{"x":[0.42],"y":[0]},"s":[48],"t":60}]},"y":{"a":1,"k":[{"i":{"x":[1],"y":[1]},"o":{"x":[0],"y":[0]},"s":[29.5],"t":0},{"i":{"x":[0.58],"y":[1]},"o":{"x":[0.42],"y":[0]},"s":[29.5],"t":43.199999999999996},{"i":{"x":[0.58],"y":[1]},"o":{"x":[0.42],"y":[0]},"s":[24],"t":50.099999999999994},{"i":{"x":[0.58],"y":[1]},"o":{"x":[0.42],"y":[0]},"s":[29.5],"t":60}]}},"r":{"a":1,"k":[{"i":{"x":[1],"y":[1]},"o":{"x":[0],"y":[0]},"s":[0],"t":0},{"i":{"x":[0.58],"y":[1]},"o":{"x":[0.42],"y":[0]},"s":[0],"t":43.199999999999996},{"i":{"x":[0.58],"y":[1]},"o":{"x":[0.42],"y":[0]},"s":[14.999999999999998],"t":50.099999999999994},{"i":{"x":[0.58],"y":[1]},"o":{"x":[0.42],"y":[0]},"s":[0],"t":60}]},"s":{"a":0,"k":[100,100]}},"nm":"PDF-null","op":61,"sr":1,"st":0,"tt":0},{"ty":0,"ao":0,"ddd":0,"h":80,"ind":110,"ip":0,"ks":{"a":{"a":0,"k":[0,0]},"o":{"a":0,"k":100},"p":{"a":0,"k":[0,0]},"r":{"a":0,"k":0},"s":{"a":0,"k":[100,100]}},"nm":"PDF-composition","op":61,"refId":"comp_PDF_10635441-C2C4-4BA7-AA27-FC225839F953","sr":1,"st":0,"tt":0,"w":80},{"ty":0,"ao":0,"ddd":0,"h":80,"ind":100,"ip":0,"ks":{"a":{"a":0,"k":[0,0]},"o":{"a":0,"k":100},"p":{"a":0,"k":[0,0]},"r":{"a":0,"k":0},"s":{"a":0,"k":[100,100]}},"nm":"Rectangle-composition","op":61,"refId":"comp_Rectangle_2C143322-3B1D-4CBC-936C-F23ACA170B62","sr":1,"st":0,"tt":0,"w":80}]},{"id":"maskComp_Group_0EF32C30-DCBB-458A-997E-C02BD339D9DE","layers":[{"ty":3,"ao":0,"ddd":0,"ind":45,"ip":0,"ks":{"a":{"a":0,"k":[4,4,0]},"o":{"a":0,"k":100},"p":{"s":true,"x":{"a":1,"k":[{"i":{"x":[1],"y":[1]},"o":{"x":[0],"y":[0]},"s":[28],"t":0},{"i":{"x":[0.58],"y":[1]},"o":{"x":[0.42],"y":[0]},"s":[28],"t":43.199999999999996},{"i":{"x":[0.58],"y":[1]},"o":{"x":[0.42],"y":[0]},"s":[32],"t":52.5},{"i":{"x":[0.58],"y":[1]},"o":{"x":[0.42],"y":[0]},"s":[28],"t":60}]},"y":{"a":1,"k":[{"i":{"x":[0.58],"y":[1]},"o":{"x":[0.42],"y":[0]},"s":[23],"t":0},{"i":{"x":[0.58],"y":[1]},"o":{"x":[0.42],"y":[0]},"s":[23],"t":43.199999999999996},{"i":{"x":[0.58],"y":[1]},"o":{"x":[0.42],"y":[0]},"s":[13],"t":52.5},{"i":{"x":[0.58],"y":[1]},"o":{"x":[0.42],"y":[0]},"s":[23],"t":60}]}},"r":{"a":1,"k":[{"i":{"x":[1],"y":[1]},"o":{"x":[0],"y":[0]},"s":[0],"t":0},{"i":{"x":[0.58],"y":[1]},"o":{"x":[0.42],"y":[0]},"s":[0],"t":43.199999999999996},{"i":{"x":[0.58],"y":[1]},"o":{"x":[0.42],"y":[0]},"s":[14.999999999999998],"t":52.5},{"i":{"x":[0.58],"y":[1]},"o":{"x":[0.42],"y":[0]},"s":[0],"t":60}]},"s":{"a":0,"k":[100,100]}},"nm":"Group-null","op":61,"sr":1,"st":0,"tt":0},{"ty":4,"ao":0,"ddd":0,"ind":46,"ip":0,"ks":{"a":{"a":0,"k":[0,0]},"o":{"a":0,"k":100},"p":{"a":0,"k":[0,0]},"r":{"a":0,"k":0},"s":{"a":0,"k":[100,100]}},"nm":"Group-mask","op":61,"parent":45,"shapes":[{"ty":"gr","cix":2,"it":[{"ty":"rc","d":1,"nm":"Group-background","p":{"a":0,"k":[4,4]},"r":{"a":0,"k":0},"s":{"a":0,"k":[8,8]}},{"ty":"fl","c":{"a":0,"k":[0,0,0,1]},"nm":"Fill 1","o":{"a":0,"k":0},"r":1},{"ty":"tr","a":{"a":0,"k":[0,0]},"nm":"Transform","o":{"a":0,"k":100},"p":{"a":0,"k":[0,0]},"r":{"a":0,"k":0},"s":{"a":0,"k":[100,100]},"sa":{"a":0,"k":0},"sk":{"a":0,"k":0}}],"nm":"Group-mask","np":3}],"sr":1,"st":0,"tt":0},{"ty":0,"ao":0,"ddd":0,"h":80,"ind":40,"ip":0,"ks":{"a":{"a":0,"k":[0,0]},"o":{"a":0,"k":100},"p":{"a":0,"k":[0,0]},"r":{"a":0,"k":0},"s":{"a":0,"k":[100,100]}},"nm":"Group-composition","op":61,"refId":"comp_Group_0EF32C30-DCBB-458A-997E-C02BD339D9DE","sr":1,"st":0,"tt":0,"w":80}]},{"id":"comp_Group_0EF32C30-DCBB-458A-997E-C02BD339D9DE","layers":[{"ty":3,"ao":0,"ddd":0,"ind":45,"ip":0,"ks":{"a":{"a":0,"k":[4,4,0]},"o":{"a":0,"k":100},"p":{"s":true,"x":{"a":1,"k":[{"i":{"x":[1],"y":[1]},"o":{"x":[0],"y":[0]},"s":[28],"t":0},{"i":{"x":[0.58],"y":[1]},"o":{"x":[0.42],"y":[0]},"s":[28],"t":43.199999999999996},{"i":{"x":[0.58],"y":[1]},"o":{"x":[0.42],"y":[0]},"s":[32],"t":52.5},{"i":{"x":[0.58],"y":[1]},"o":{"x":[0.42],"y":[0]},"s":[28],"t":60}]},"y":{"a":1,"k":[{"i":{"x":[0.58],"y":[1]},"o":{"x":[0.42],"y":[0]},"s":[23],"t":0},{"i":{"x":[0.58],"y":[1]},"o":{"x":[0.42],"y":[0]},"s":[23],"t":43.199999999999996},{"i":{"x":[0.58],"y":[1]},"o":{"x":[0.42],"y":[0]},"s":[13],"t":52.5},{"i":{"x":[0.58],"y":[1]},"o":{"x":[0.42],"y":[0]},"s":[23],"t":60}]}},"r":{"a":1,"k":[{"i":{"x":[1],"y":[1]},"o":{"x":[0],"y":[0]},"s":[0],"t":0},{"i":{"x":[0.58],"y":[1]},"o":{"x":[0.42],"y":[0]},"s":[0],"t":43.199999999999996},{"i":{"x":[0.58],"y":[1]},"o":{"x":[0.42],"y":[0]},"s":[14.999999999999998],"t":52.5},{"i":{"x":[0.58],"y":[1]},"o":{"x":[0.42],"y":[0]},"s":[0],"t":60}]},"s":{"a":0,"k":[100,100]}},"nm":"Group-null","op":61,"sr":1,"st":0,"tt":0},{"ty":0,"ao":0,"ddd":0,"h":80,"ind":130,"ip":0,"ks":{"a":{"a":0,"k":[0,0]},"o":{"a":1,"k":[{"i":{"x":[1],"y":[1]},"o":{"x":[0],"y":[0]},"s":[0],"t":0},{"i":{"x":[0.58],"y":[1]},"o":{"x":[0.42],"y":[0]},"s":[0],"t":22.5},{"i":{"x":[0.58],"y":[1]},"o":{"x":[0.42],"y":[0]},"s":[100],"t":24},{"i":{"x":[1],"y":[1]},"o":{"x":[0],"y":[0]},"s":[100],"t":60}]},"p":{"a":0,"k":[0,0]},"r":{"a":0,"k":0},"s":{"a":0,"k":[100,100]}},"nm":"Path 5-composition","op":61,"refId":"comp_Path 5_AF3782D2-12BD-49D1-B558-D86919A31D91","sr":1,"st":0,"tt":0,"w":80},{"ty":0,"ao":0,"ddd":0,"h":80,"ind":120,"ip":0,"ks":{"a":{"a":0,"k":[0,0]},"o":{"a":0,"k":100},"p":{"a":0,"k":[0,0]},"r":{"a":0,"k":0},"s":{"a":0,"k":[100,100]}},"nm":"Path 6-composition","op":61,"refId":"comp_Path 6_BE607744-5E40-4F3B-8C70-1D8AAB840DF2","sr":1,"st":0,"tt":0,"w":80}]},{"id":"comp_Path 6_BE607744-5E40-4F3B-8C70-1D8AAB840DF2","layers":[{"ty":3,"ao":0,"ddd":0,"ind":45,"ip":0,"ks":{"a":{"a":0,"k":[4,4,0]},"o":{"a":0,"k":100},"p":{"s":true,"x":{"a":1,"k":[{"i":{"x":[1],"y":[1]},"o":{"x":[0],"y":[0]},"s":[28],"t":0},{"i":{"x":[0.58],"y":[1]},"o":{"x":[0.42],"y":[0]},"s":[28],"t":43.199999999999996},{"i":{"x":[0.58],"y":[1]},"o":{"x":[0.42],"y":[0]},"s":[32],"t":52.5},{"i":{"x":[0.58],"y":[1]},"o":{"x":[0.42],"y":[0]},"s":[28],"t":60}]},"y":{"a":1,"k":[{"i":{"x":[0.58],"y":[1]},"o":{"x":[0.42],"y":[0]},"s":[23],"t":0},{"i":{"x":[0.58],"y":[1]},"o":{"x":[0.42],"y":[0]},"s":[23],"t":43.199999999999996},{"i":{"x":[0.58],"y":[1]},"o":{"x":[0.42],"y":[0]},"s":[13],"t":52.5},{"i":{"x":[0.58],"y":[1]},"o":{"x":[0.42],"y":[0]},"s":[23],"t":60}]}},"r":{"a":1,"k":[{"i":{"x":[1],"y":[1]},"o":{"x":[0],"y":[0]},"s":[0],"t":0},{"i":{"x":[0.58],"y":[1]},"o":{"x":[0.42],"y":[0]},"s":[0],"t":43.199999999999996},{"i":{"x":[0.58],"y":[1]},"o":{"x":[0.42],"y":[0]},"s":[14.999999999999998],"t":52.5},{"i":{"x":[0.58],"y":[1]},"o":{"x":[0.42],"y":[0]},"s":[0],"t":60}]},"s":{"a":0,"k":[100,100]}},"nm":"Group-null","op":61,"sr":1,"st":0,"tt":0},{"ty":3,"ao":0,"ddd":0,"ind":125,"ip":0,"ks":{"a":{"a":0,"k":[3.975,3.995,0]},"o":{"a":0,"k":100},"p":{"s":true,"x":{"a":0,"k":3.97},"y":{"a":0,"k":3.99}},"r":{"a":0,"k":0},"s":{"a":0,"k":[100,100]}},"nm":"Path 6-null","op":61,"parent":45,"sr":1,"st":0,"tt":0},{"ty":4,"ao":0,"ddd":0,"ind":124,"ip":0,"ks":{"a":{"a":0,"k":[0,0]},"o":{"a":0,"k":100},"p":{"a":0,"k":[0,0]},"r":{"a":0,"k":0},"s":{"a":0,"k":[100,100]}},"nm":"Path 6-content","op":61,"parent":125,"shapes":[{"ty":"gr","cix":2,"it":[{"ty":"sh","ind":0,"ks":{"a":1,"k":[{"i":{"x":[1],"y":[1]},"o":{"x":[0],"y":[0]},"s":[{"c":true,"i":[[0,0],[0,0],[0,0]],"o":[[0,0],[0,0],[0,0]],"v":[[-0.0049999935,7.9850000178],[7.945000006500001,-0.0049999822],[3.9700000065000003,3.9900000178000004]]}],"t":0},{"i":{"x":[0.58],"y":[1]},"o":{"x":[0.42],"y":[0]},"s":[{"c":true,"i":[[0,0],[0,0],[0,0]],"o":[[0,0],[0,0],[0,0]],"v":[[-0.0049999935,7.9850000178],[7.945000006500001,-0.0049999822],[3.9700000065000003,3.9900000178000004]]}],"t":22.5},{"i":{"x":[0.58],"y":[1]},"o":{"x":[0.42],"y":[0]},"s":[{"c":true,"i":[[0,0],[0,0],[0,0]],"o":[[0,0],[0,0],[0,0]],"v":[[-0.0049999935,7.9850000178],[7.945000006500001,-0.0049999822],[7.945000006500001,7.9850000178]]}],"t":27},{"i":{"x":[1],"y":[1]},"o":{"x":[0],"y":[0]},"s":[{"c":true,"i":[[0,0],[0,0],[0,0]],"o":[[0,0],[0,0],[0,0]],"v":[[-0.0049999935,7.9850000178],[7.945000006500001,-0.0049999822],[7.945000006500001,7.9850000178]]}],"t":60}]},"nm":"Path 6-path"},{"ty":"fl","c":{"a":0,"k":[0.6,0.89,0.871,1]},"nm":"Fill 1","o":{"a":0,"k":100},"r":1},{"ty":"tr","a":{"a":0,"k":[0,0]},"nm":"Transform","o":{"a":0,"k":100},"p":{"a":0,"k":[0,0]},"r":{"a":0,"k":0},"s":{"a":0,"k":[100,100]},"sa":{"a":0,"k":0},"sk":{"a":0,"k":0}}],"nm":"Path 6-content","np":3}],"sr":1,"st":0,"tt":0}]},{"id":"comp_Path 5_AF3782D2-12BD-49D1-B558-D86919A31D91","layers":[{"ty":3,"ao":0,"ddd":0,"ind":45,"ip":0,"ks":{"a":{"a":0,"k":[4,4,0]},"o":{"a":0,"k":100},"p":{"s":true,"x":{"a":1,"k":[{"i":{"x":[1],"y":[1]},"o":{"x":[0],"y":[0]},"s":[28],"t":0},{"i":{"x":[0.58],"y":[1]},"o":{"x":[0.42],"y":[0]},"s":[28],"t":43.199999999999996},{"i":{"x":[0.58],"y":[1]},"o":{"x":[0.42],"y":[0]},"s":[32],"t":52.5},{"i":{"x":[0.58],"y":[1]},"o":{"x":[0.42],"y":[0]},"s":[28],"t":60}]},"y":{"a":1,"k":[{"i":{"x":[0.58],"y":[1]},"o":{"x":[0.42],"y":[0]},"s":[23],"t":0},{"i":{"x":[0.58],"y":[1]},"o":{"x":[0.42],"y":[0]},"s":[23],"t":43.199999999999996},{"i":{"x":[0.58],"y":[1]},"o":{"x":[0.42],"y":[0]},"s":[13],"t":52.5},{"i":{"x":[0.58],"y":[1]},"o":{"x":[0.42],"y":[0]},"s":[23],"t":60}]}},"r":{"a":1,"k":[{"i":{"x":[1],"y":[1]},"o":{"x":[0],"y":[0]},"s":[0],"t":0},{"i":{"x":[0.58],"y":[1]},"o":{"x":[0.42],"y":[0]},"s":[0],"t":43.199999999999996},{"i":{"x":[0.58],"y":[1]},"o":{"x":[0.42],"y":[0]},"s":[14.999999999999998],"t":52.5},{"i":{"x":[0.58],"y":[1]},"o":{"x":[0.42],"y":[0]},"s":[0],"t":60}]},"s":{"a":0,"k":[100,100]}},"nm":"Group-null","op":61,"sr":1,"st":0,"tt":0},{"ty":3,"ao":0,"ddd":0,"ind":135,"ip":0,"ks":{"a":{"a":0,"k":[3.975,3.995,0]},"o":{"a":0,"k":100},"p":{"s":true,"x":{"a":0,"k":3.97},"y":{"a":0,"k":3.99}},"r":{"a":0,"k":0},"s":{"a":0,"k":[100,100]}},"nm":"Path 5-null","op":61,"parent":45,"sr":1,"st":0,"tt":0},{"ty":4,"ao":0,"ddd":0,"ind":134,"ip":0,"ks":{"a":{"a":0,"k":[0,0]},"o":{"a":0,"k":100},"p":{"a":0,"k":[0,0]},"r":{"a":0,"k":0},"s":{"a":0,"k":[100,100]}},"nm":"Path 5-content","op":61,"parent":135,"shapes":[{"ty":"gr","cix":2,"it":[{"ty":"sh","ind":0,"ks":{"a":0,"k":{"c":true,"i":[[0,0],[0,0],[0,0]],"o":[[0,0],[0,0],[0,0]],"v":[[-0.0049999935,7.9850000178],[7.945000006500001,-0.0049999822],[-0.0049999935,-0.0049999822]]}},"nm":"Path 5-path"},{"ty":"fl","c":{"a":0,"k":[0.847,0.9570000000000001,0.9490000000000001,1]},"nm":"Fill 1","o":{"a":0,"k":100},"r":1},{"ty":"tr","a":{"a":0,"k":[0,0]},"nm":"Transform","o":{"a":0,"k":100},"p":{"a":0,"k":[0,0]},"r":{"a":0,"k":0},"s":{"a":0,"k":[100,100]},"sa":{"a":0,"k":0},"sk":{"a":0,"k":0}}],"nm":"Path 5-content","np":3}],"sr":1,"st":0,"tt":0}]},{"id":"comp_Rectangle_2C143322-3B1D-4CBC-936C-F23ACA170B62","layers":[{"ty":3,"ao":0,"ddd":0,"ind":35,"ip":0,"ks":{"a":{"a":1,"k":[{"i":{"x":[1],"y":[1]},"o":{"x":[0],"y":[0]},"s":[1.7,0.1,0],"t":0},{"i":{"x":[0.58],"y":[1]},"o":{"x":[0.42],"y":[0]},"s":[1.7,0.1,0],"t":27},{"i":{"x":[0.58],"y":[1]},"o":{"x":[0.42],"y":[0]},"s":[11,6.5,0],"t":30},{"i":{"x":[1],"y":[1]},"o":{"x":[0],"y":[0]},"s":[11,6.5,0],"t":60}]},"o":{"a":0,"k":100},"p":{"s":true,"x":{"a":1,"k":[{"i":{"x":[1],"y":[1]},"o":{"x":[0],"y":[0]},"s":[48],"t":0},{"i":{"x":[0.58],"y":[1]},"o":{"x":[0.42],"y":[0]},"s":[48],"t":43.199999999999996},{"i":{"x":[0.58],"y":[1]},"o":{"x":[0.42],"y":[0]},"s":[52],"t":50.099999999999994},{"i":{"x":[0.58],"y":[1]},"o":{"x":[0.42],"y":[0]},"s":[48],"t":60}]},"y":{"a":1,"k":[{"i":{"x":[1],"y":[1]},"o":{"x":[0],"y":[0]},"s":[29.5],"t":0},{"i":{"x":[0.58],"y":[1]},"o":{"x":[0.42],"y":[0]},"s":[29.5],"t":43.199999999999996},{"i":{"x":[0.58],"y":[1]},"o":{"x":[0.42],"y":[0]},"s":[24],"t":50.099999999999994},{"i":{"x":[0.58],"y":[1]},"o":{"x":[0.42],"y":[0]},"s":[29.5],"t":60}]}},"r":{"a":1,"k":[{"i":{"x":[1],"y":[1]},"o":{"x":[0],"y":[0]},"s":[0],"t":0},{"i":{"x":[0.58],"y":[1]},"o":{"x":[0.42],"y":[0]},"s":[0],"t":43.199999999999996},{"i":{"x":[0.58],"y":[1]},"o":{"x":[0.42],"y":[0]},"s":[14.999999999999998],"t":50.099999999999994},{"i":{"x":[0.58],"y":[1]},"o":{"x":[0.42],"y":[0]},"s":[0],"t":60}]},"s":{"a":0,"k":[100,100]}},"nm":"PDF-null","op":61,"sr":1,"st":0,"tt":0},{"ty":3,"ao":0,"ddd":0,"ind":105,"ip":0,"ks":{"a":{"a":1,"k":[{"i":{"x":[1],"y":[1]},"o":{"x":[0],"y":[0]},"s":[1.7,0.1,0],"t":0},{"i":{"x":[0.58],"y":[1]},"o":{"x":[0.42],"y":[0]},"s":[1.7,0.1,0],"t":27},{"i":{"x":[0.58],"y":[1]},"o":{"x":[0.42],"y":[0]},"s":[11,6.5,0],"t":30},{"i":{"x":[1],"y":[1]},"o":{"x":[0],"y":[0]},"s":[11,6.5,0],"t":60}]},"o":{"a":0,"k":100},"p":{"s":true,"x":{"a":1,"k":[{"i":{"x":[1],"y":[1]},"o":{"x":[0],"y":[0]},"s":[1.7],"t":0},{"i":{"x":[0.58],"y":[1]},"o":{"x":[0.42],"y":[0]},"s":[1.7],"t":27},{"i":{"x":[0.58],"y":[1]},"o":{"x":[0.42],"y":[0]},"s":[11],"t":30},{"i":{"x":[1],"y":[1]},"o":{"x":[0],"y":[0]},"s":[11],"t":60}]},"y":{"a":1,"k":[{"i":{"x":[1],"y":[1]},"o":{"x":[0],"y":[0]},"s":[0.09],"t":0},{"i":{"x":[0.58],"y":[1]},"o":{"x":[0.42],"y":[0]},"s":[0.09],"t":27},{"i":{"x":[0.58],"y":[1]},"o":{"x":[0.42],"y":[0]},"s":[6.5],"t":30},{"i":{"x":[1],"y":[1]},"o":{"x":[0],"y":[0]},"s":[6.5],"t":60}]}},"r":{"a":0,"k":0},"s":{"a":0,"k":[100,100]}},"nm":"Rectangle-null","op":61,"parent":35,"sr":1,"st":0,"tt":0},{"ty":4,"ao":0,"ddd":0,"ind":104,"ip":0,"ks":{"a":{"a":0,"k":[0,0]},"o":{"a":0,"k":100},"p":{"a":0,"k":[0,0]},"r":{"a":0,"k":0},"s":{"a":0,"k":[100,100]}},"nm":"Rectangle-content","op":61,"parent":105,"shapes":[{"ty":"gr","cix":2,"it":[{"ty":"sh","ind":0,"ks":{"a":1,"k":[{"i":{"x":[1],"y":[1]},"o":{"x":[0],"y":[0]},"s":[{"c":true,"i":[[0,0],[-0.054858377035486364,8.821899863526628e-18],[0,0],[0,-0.05485837703548636],[0,0],[0.05485837703548624,0],[0,0],[6.718213584292704e-18,0.054858377035486364],[0,0]],"o":[[-6.718213584292704e-18,-0.054858377035486364],[0,0],[0.05485837703548624,3.3591067921463517e-18],[0,0],[0,0.05485837703548635],[0,0],[-0.054858377035486364,2.7755575615628914e-17],[0,0],[0,0]],"v":[[0,0.10000000000000002],[0.09999999999999999,0],[3.3,0],[3.4,0.10000000000000003],[3.4,0.09999999999999998],[3.3,0.2],[0.10000000000000003,0.2],[0,0.10000000000000002],[0,0.10000000000000002]]}],"t":0},{"i":{"x":[0.58],"y":[1]},"o":{"x":[0.42],"y":[0]},"s":[{"c":true,"i":[[0,0],[-0.054858377035486364,8.821899863526628e-18],[0,0],[0,-0.05485837703548636],[0,0],[0.05485837703548624,0],[0,0],[6.718213584292704e-18,0.054858377035486364],[0,0]],"o":[[-6.718213584292704e-18,-0.054858377035486364],[0,0],[0.05485837703548624,3.3591067921463517e-18],[0,0],[0,0.05485837703548635],[0,0],[-0.054858377035486364,2.7755575615628914e-17],[0,0],[0,0]],"v":[[0,0.10000000000000002],[0.09999999999999999,0],[3.3,0],[3.4,0.10000000000000003],[3.4,0.09999999999999998],[3.3,0.2],[0.10000000000000003,0.2],[0,0.10000000000000002],[0,0.10000000000000002]]}],"t":27},{"i":{"x":[0.58],"y":[1]},"o":{"x":[0.42],"y":[0]},"s":[{"c":true,"i":[[0,0],[-1.0971675407097272,1.7643799727053257e-16],[0,0],[0,-1.0971675407097268],[0,0],[1.0971675407097266,0],[0,0],[1.3436427168585408e-16,1.0971675407097266],[0,0]],"o":[[-1.3436427168585408e-16,-1.0971675407097272],[0,0],[1.0971675407097266,6.718213584292702e-17],[0,0],[0,1.0971675407097266],[0,0],[-1.0971675407097272,0],[0,0],[0,0]],"v":[[0,2.0000000000000004],[1.9999999999999998,0],[20,0],[22,2],[22,11],[20,13],[2.0000000000000004,13],[0,11],[0,11]]}],"t":30},{"i":{"x":[1],"y":[1]},"o":{"x":[0],"y":[0]},"s":[{"c":true,"i":[[0,0],[-1.0971675407097272,1.7643799727053257e-16],[0,0],[0,-1.0971675407097268],[0,0],[1.0971675407097266,0],[0,0],[1.3436427168585408e-16,1.0971675407097266],[0,0]],"o":[[-1.3436427168585408e-16,-1.0971675407097272],[0,0],[1.0971675407097266,6.718213584292702e-17],[0,0],[0,1.0971675407097266],[0,0],[-1.0971675407097272,0],[0,0],[0,0]],"v":[[0,2.0000000000000004],[1.9999999999999998,0],[20,0],[22,2],[22,11],[20,13],[2.0000000000000004,13],[0,11],[0,11]]}],"t":60}]},"nm":"Rectangle-path"},{"ty":"fl","c":{"a":1,"k":[{"i":{"x":[1],"y":[1]},"o":{"x":[0],"y":[0]},"s":[1,0.443,0.31,1],"t":0},{"i":{"x":[0.58],"y":[1]},"o":{"x":[0.42],"y":[0]},"s":[1,0.443,0.31,1],"t":27},{"i":{"x":[0.58],"y":[1]},"o":{"x":[0.42],"y":[0]},"s":[1,0.443,0.31,1],"t":28.500000000000004},{"i":{"x":[1],"y":[1]},"o":{"x":[0],"y":[0]},"s":[1,0.443,0.31,1],"t":60}]},"nm":"Fill 1","o":{"a":1,"k":[{"i":{"x":[1],"y":[1]},"o":{"x":[0],"y":[0]},"s":[0],"t":0},{"i":{"x":[0.58],"y":[1]},"o":{"x":[0.42],"y":[0]},"s":[0],"t":27},{"i":{"x":[0.58],"y":[1]},"o":{"x":[0.42],"y":[0]},"s":[100],"t":28.500000000000004},{"i":{"x":[1],"y":[1]},"o":{"x":[0],"y":[0]},"s":[100],"t":60}]},"r":1},{"ty":"tr","a":{"a":0,"k":[0,0]},"nm":"Transform","o":{"a":0,"k":100},"p":{"a":0,"k":[0,0]},"r":{"a":0,"k":0},"s":{"a":0,"k":[100,100]},"sa":{"a":0,"k":0},"sk":{"a":0,"k":0}}],"nm":"Rectangle-content","np":3}],"sr":1,"st":0,"tt":0}]},{"id":"comp_PDF_10635441-C2C4-4BA7-AA27-FC225839F953","layers":[{"ty":3,"ao":0,"ddd":0,"ind":35,"ip":0,"ks":{"a":{"a":1,"k":[{"i":{"x":[1],"y":[1]},"o":{"x":[0],"y":[0]},"s":[1.7,0.1,0],"t":0},{"i":{"x":[0.58],"y":[1]},"o":{"x":[0.42],"y":[0]},"s":[1.7,0.1,0],"t":27},{"i":{"x":[0.58],"y":[1]},"o":{"x":[0.42],"y":[0]},"s":[11,6.5,0],"t":30},{"i":{"x":[1],"y":[1]},"o":{"x":[0],"y":[0]},"s":[11,6.5,0],"t":60}]},"o":{"a":0,"k":100},"p":{"s":true,"x":{"a":1,"k":[{"i":{"x":[1],"y":[1]},"o":{"x":[0],"y":[0]},"s":[48],"t":0},{"i":{"x":[0.58],"y":[1]},"o":{"x":[0.42],"y":[0]},"s":[48],"t":43.199999999999996},{"i":{"x":[0.58],"y":[1]},"o":{"x":[0.42],"y":[0]},"s":[52],"t":50.099999999999994},{"i":{"x":[0.58],"y":[1]},"o":{"x":[0.42],"y":[0]},"s":[48],"t":60}]},"y":{"a":1,"k":[{"i":{"x":[1],"y":[1]},"o":{"x":[0],"y":[0]},"s":[29.5],"t":0},{"i":{"x":[0.58],"y":[1]},"o":{"x":[0.42],"y":[0]},"s":[29.5],"t":43.199999999999996},{"i":{"x":[0.58],"y":[1]},"o":{"x":[0.42],"y":[0]},"s":[24],"t":50.099999999999994},{"i":{"x":[0.58],"y":[1]},"o":{"x":[0.42],"y":[0]},"s":[29.5],"t":60}]}},"r":{"a":1,"k":[{"i":{"x":[1],"y":[1]},"o":{"x":[0],"y":[0]},"s":[0],"t":0},{"i":{"x":[0.58],"y":[1]},"o":{"x":[0.42],"y":[0]},"s":[0],"t":43.199999999999996},{"i":{"x":[0.58],"y":[1]},"o":{"x":[0.42],"y":[0]},"s":[14.999999999999998],"t":50.099999999999994},{"i":{"x":[0.58],"y":[1]},"o":{"x":[0.42],"y":[0]},"s":[0],"t":60}]},"s":{"a":0,"k":[100,100]}},"nm":"PDF-null","op":61,"sr":1,"st":0,"tt":0},{"ty":3,"ao":0,"ddd":0,"ind":115,"ip":0,"ks":{"a":{"a":1,"k":[{"i":{"x":[1],"y":[1]},"o":{"x":[0],"y":[0]},"s":[1.315,0.045,0],"t":0},{"i":{"x":[0.58],"y":[1]},"o":{"x":[0.42],"y":[0]},"s":[1.315,0.045,0],"t":27},{"i":{"x":[0.58],"y":[1]},"o":{"x":[0.42],"y":[0]},"s":[8.305,3.17,0],"t":30},{"i":{"x":[1],"y":[1]},"o":{"x":[0],"y":[0]},"s":[8.305,3.17,0],"t":60}]},"o":{"a":0,"k":100},"p":{"s":true,"x":{"a":1,"k":[{"i":{"x":[1],"y":[1]},"o":{"x":[0],"y":[0]},"s":[1.7],"t":0},{"i":{"x":[0.58],"y":[1]},"o":{"x":[0.42],"y":[0]},"s":[1.7],"t":27},{"i":{"x":[0.58],"y":[1]},"o":{"x":[0.42],"y":[0]},"s":[11.31],"t":30},{"i":{"x":[1],"y":[1]},"o":{"x":[0],"y":[0]},"s":[11.31],"t":60}]},"y":{"a":1,"k":[{"i":{"x":[1],"y":[1]},"o":{"x":[0],"y":[0]},"s":[0.09],"t":0},{"i":{"x":[0.58],"y":[1]},"o":{"x":[0.42],"y":[0]},"s":[0.09],"t":27},{"i":{"x":[0.58],"y":[1]},"o":{"x":[0.42],"y":[0]},"s":[6.17],"t":30},{"i":{"x":[1],"y":[1]},"o":{"x":[0],"y":[0]},"s":[6.17],"t":60}]}},"r":{"a":0,"k":0},"s":{"a":0,"k":[100,100]}},"nm":"PDF-null","op":61,"parent":35,"sr":1,"st":0,"tt":0},{"ty":4,"ao":0,"ddd":0,"ind":114,"ip":0,"ks":{"a":{"a":0,"k":[0,0]},"o":{"a":0,"k":100},"p":{"a":0,"k":[0,0]},"r":{"a":0,"k":0},"s":{"a":0,"k":[100,100]}},"nm":"PDF-content","op":61,"parent":115,"shapes":[{"ty":"gr","cix":2,"it":[{"ty":"sh","ind":0,"ks":{"a":1,"k":[{"i":{"x":[1],"y":[1]},"o":{"x":[0],"y":[0]},"s":[{"c":true,"i":[[0,0],[0,0],[0,0],[-0.05887707359999994,0.004765957200000004],[0,0.008510638499999997],[0.05887707360000005,0.004680851399999999],[0.10635859389999996,0],[0,0],[0,0],[0,0]],"o":[[0,0],[0,0],[0.10635859389999996,0],[0.05887707360000005,-0.004765958100000002],[0,-0.008595744300000003],[-0.05887707359999994,-0.0046808505],[0,0],[0,0],[0,0],[0,0]],"v":[[0.14750957269999998,0.09],[0.14750957269999998,0.054],[0.4167297331,0.054],[0.6645832475,0.0468510642],[0.7528988579,0.0269361702],[0.6645832475,0.0070212762],[0.4167297331,0],[0.4167297331,0],[0.0007916825999999999,0],[0.0007916825999999999,0.09]]}],"t":0},{"i":{"x":[0.58],"y":[1]},"o":{"x":[0.42],"y":[0]},"s":[{"c":true,"i":[[0,0],[0,0],[0,0],[-0.05887707359999994,0.004765957200000004],[0,0.008510638499999997],[0.05887707360000005,0.004680851399999999],[0.10635859389999996,0],[0,0],[0,0],[0,0]],"o":[[0,0],[0,0],[0.10635859389999996,0],[0.05887707360000005,-0.004765958100000002],[0,-0.008595744300000003],[-0.05887707359999994,-0.0046808505],[0,0],[0,0],[0,0],[0,0]],"v":[[0.14750957269999998,0.09],[0.14750957269999998,0.054],[0.4167297331,0.054],[0.6645832475,0.0468510642],[0.7528988579,0.0269361702],[0.6645832475,0.0070212762],[0.4167297331,0],[0.4167297331,0],[0.0007916825999999999,0],[0.0007916825999999999,0.09]]}],"t":27},{"i":{"x":[0.58],"y":[1]},"o":{"x":[0.42],"y":[0]},"s":[{"c":true,"i":[[0,0],[0,0],[0,0],[-0.3718434191999993,0.3357352072000004],[0,0.5995272009999999],[0.3718434192000011,0.3297399764],[0.6717172033000001,0],[0,0],[0,0],[0,0]],"o":[[0,0],[0,0],[0.6717172033000001,0],[0.3718434192000011,-0.33573527059999986],[0,-0.6055224318000003],[-0.3718434191999993,-0.329739913],[0,0],[0,0],[0,0],[0,0]],"v":[[0.9316098868999999,6.34],[0.9316098868999999,3.804],[2.6318938657,3.804],[4.197234882499999,3.3003971892],[4.7550000113,1.8975035452000002],[4.197234882499999,0.4946099012],[2.6318938657,0],[2.6318938657,0],[0.0049999421999999995,0],[0.0049999421999999995,6.34]]}],"t":30},{"i":{"x":[1],"y":[1]},"o":{"x":[0],"y":[0]},"s":[{"c":true,"i":[[0,0],[0,0],[0,0],[-0.3718434191999993,0.3357352072000004],[0,0.5995272009999999],[0.3718434192000011,0.3297399764],[0.6717172033000001,0],[0,0],[0,0],[0,0]],"o":[[0,0],[0,0],[0.6717172033000001,0],[0.3718434192000011,-0.33573527059999986],[0,-0.6055224318000003],[-0.3718434191999993,-0.329739913],[0,0],[0,0],[0,0],[0,0]],"v":[[0.9316098868999999,6.34],[0.9316098868999999,3.804],[2.6318938657,3.804],[4.197234882499999,3.3003971892],[4.7550000113,1.8975035452000002],[4.197234882499999,0.4946099012],[2.6318938657,0],[2.6318938657,0],[0.0049999421999999995,0],[0.0049999421999999995,6.34]]}],"t":60}]},"nm":"PDF-path"},{"ty":"sh","ind":0,"ks":{"a":1,"k":[{"i":{"x":[1],"y":[1]},"o":{"x":[0],"y":[0]},"s":[{"c":true,"i":[[0,0],[0,0],[0,0],[0,0],[0,-0.0108880677],[0.1404127544,0]],"o":[[0,0],[0,0],[0,0],[0.1404127544,0],[0,0.0109731312],[0,0]],"v":[[0.3997752014,0.043367508],[0.14646296420000002,0.043367508],[0.14646296420000002,0.0105757101],[0.3997752014,0.0105757101],[0.610394333,0.0269078112],[0.3997752014,0.043367508]]}],"t":0},{"i":{"x":[0.58],"y":[1]},"o":{"x":[0.42],"y":[0]},"s":[{"c":true,"i":[[0,0],[0,0],[0,0],[0,0],[0,-0.0108880677],[0.1404127544,0]],"o":[[0,0],[0,0],[0,0],[0.1404127544,0],[0,0.0109731312],[0,0]],"v":[[0.3997752014,0.043367508],[0.14646296420000002,0.043367508],[0.14646296420000002,0.0105757101],[0.3997752014,0.0105757101],[0.610394333,0.0269078112],[0.3997752014,0.043367508]]}],"t":27},{"i":{"x":[0.58],"y":[1]},"o":{"x":[0.42],"y":[0]},"s":[{"c":true,"i":[[0,0],[0,0],[0,0],[0,0],[0,-0.7670038802000001],[0.8867892968,0]],"o":[[0,0],[0,0],[0,0],[0.8867892968,0],[0,0.7729961311999998],[0,0]],"v":[[2.5248160058,3.055000008],[0.9249999374000001,3.055000008],[0.9249999374000001,0.7450000226],[2.5248160058,0.7450000226],[3.854999951,1.8955058112],[2.5248160058,3.055000008]]}],"t":30},{"i":{"x":[1],"y":[1]},"o":{"x":[0],"y":[0]},"s":[{"c":true,"i":[[0,0],[0,0],[0,0],[0,0],[0,-0.7670038802000001],[0.8867892968,0]],"o":[[0,0],[0,0],[0,0],[0.8867892968,0],[0,0.7729961311999998],[0,0]],"v":[[2.5248160058,3.055000008],[0.9249999374000001,3.055000008],[0.9249999374000001,0.7450000226],[2.5248160058,0.7450000226],[3.854999951,1.8955058112],[2.5248160058,3.055000008]]}],"t":60}]},"nm":"PDF-path"},{"ty":"sh","ind":0,"ks":{"a":1,"k":[{"i":{"x":[1],"y":[1]},"o":{"x":[0],"y":[0]},"s":[{"c":true,"i":[[0,0],[-0.08923732020000008,0.007872340499999991],[0,0.014297872499999996],[0.08923734649999981,0.007829787599999999],[0.16233601360000027,0],[0,0],[0,0],[0,0]],"o":[[0.16233601360000027,0],[0.08923734649999981,-0.007872340500000005],[0,-0.0142978725],[-0.08923732020000008,-0.0078297867],[0,0],[0,0],[0,0],[0,0]],"v":[[1.2819658060999999,0.09],[1.6593258068,0.0781914897],[1.7931818134000002,0.0449361702],[1.6593258068,0.0117446805],[1.2819658060999999,0],[1.2819658060999999,0],[0.9302378117,0],[0.9302378117,0.09]]}],"t":0},{"i":{"x":[0.58],"y":[1]},"o":{"x":[0.42],"y":[0]},"s":[{"c":true,"i":[[0,0],[-0.08923732020000008,0.007872340499999991],[0,0.014297872499999996],[0.08923734649999981,0.007829787599999999],[0.16233601360000027,0],[0,0],[0,0],[0,0]],"o":[[0.16233601360000027,0],[0.08923734649999981,-0.007872340500000005],[0,-0.0142978725],[-0.08923732020000008,-0.0078297867],[0,0],[0,0],[0,0],[0,0]],"v":[[1.2819658060999999,0.09],[1.6593258068,0.0781914897],[1.7931818134000002,0.0449361702],[1.6593258068,0.0117446805],[1.2819658060999999,0],[1.2819658060999999,0],[0.9302378117,0],[0.9302378117,0.09]]}],"t":27},{"i":{"x":[0.58],"y":[1]},"o":{"x":[0.42],"y":[0]},"s":[{"c":true,"i":[[0,0],[-0.5635862694,0.5545626529999996],[0,1.0072056849999997],[0.5635864354999995,0.5515650376],[1.0252475992000019,0],[0,0],[0,0],[0,0]],"o":[[1.0252475992000019,0],[0.5635864354999995,-0.5545626530000005],[0,-1.0072056849999997],[-0.5635862694,-0.5515649742000002],[0,0],[0,0],[0,0],[0,0]],"v":[[8.096369596699999,6.34],[10.4796203996,5.5081560522],[11.3249999698,3.1655035452],[10.4796203996,0.8273474930000001],[8.096369596699999,0],[8.096369596699999,0],[5.8750000199,0],[5.8750000199,6.34]]}],"t":30},{"i":{"x":[1],"y":[1]},"o":{"x":[0],"y":[0]},"s":[{"c":true,"i":[[0,0],[-0.5635862694,0.5545626529999996],[0,1.0072056849999997],[0.5635864354999995,0.5515650376],[1.0252475992000019,0],[0,0],[0,0],[0,0]],"o":[[1.0252475992000019,0],[0.5635864354999995,-0.5545626530000005],[0,-1.0072056849999997],[-0.5635862694,-0.5515649742000002],[0,0],[0,0],[0,0],[0,0]],"v":[[8.096369596699999,6.34],[10.4796203996,5.5081560522],[11.3249999698,3.1655035452],[10.4796203996,0.8273474930000001],[8.096369596699999,0],[8.096369596699999,0],[5.8750000199,0],[5.8750000199,6.34]]}],"t":60}]},"nm":"PDF-path"},{"ty":"sh","ind":0,"ks":{"a":1,"k":[{"i":{"x":[1],"y":[1]},"o":{"x":[0],"y":[0]},"s":[{"c":true,"i":[[0,0],[0,0],[0,0],[0,0],[0,-0.0226703205],[0.2468699206999998,0]],"o":[[0,0],[0,0],[0,0],[0.2468699206999998,0],[0,0.0227555469],[0,0]],"v":[[1.2732471983,0.079069401],[1.0767007759,0.079069401],[1.0767007759,0.010930599000000001],[1.2732471983,0.010930599000000001],[1.6435520661999998,0.0449360802],[1.2732471983,0.079069401]]}],"t":0},{"i":{"x":[0.58],"y":[1]},"o":{"x":[0.42],"y":[0]},"s":[{"c":true,"i":[[0,0],[0,0],[0,0],[0,0],[0,-0.0226703205],[0.2468699206999998,0]],"o":[[0,0],[0,0],[0,0],[0.2468699206999998,0],[0,0.0227555469],[0,0]],"v":[[1.2732471983,0.079069401],[1.0767007759,0.079069401],[1.0767007759,0.010930599000000001],[1.2732471983,0.010930599000000001],[1.6435520661999998,0.0449360802],[1.2732471983,0.079069401]]}],"t":27},{"i":{"x":[0.58],"y":[1]},"o":{"x":[0.42],"y":[0]},"s":[{"c":true,"i":[[0,0],[0,0],[0,0],[0,0],[0,-1.5969981329999998],[1.5591290428999987,0]],"o":[[0,0],[0,0],[0,0],[1.5591290428999987,0],[0,1.6030018594000004],[0,0]],"v":[[8.0413064501,5.570000026],[6.7999999573,5.570000026],[6.7999999573,0.769999974],[8.0413064501,0.769999974],[10.379999931399999,3.1654972052],[8.0413064501,5.570000026]]}],"t":30},{"i":{"x":[1],"y":[1]},"o":{"x":[0],"y":[0]},"s":[{"c":true,"i":[[0,0],[0,0],[0,0],[0,0],[0,-1.5969981329999998],[1.5591290428999987,0]],"o":[[0,0],[0,0],[0,0],[1.5591290428999987,0],[0,1.6030018594000004],[0,0]],"v":[[8.0413064501,5.570000026],[6.7999999573,5.570000026],[6.7999999573,0.769999974],[8.0413064501,0.769999974],[10.379999931399999,3.1654972052],[8.0413064501,5.570000026]]}],"t":60}]},"nm":"PDF-path"},{"ty":"sh","ind":0,"ks":{"a":1,"k":[{"i":{"x":[1],"y":[1]},"o":{"x":[0],"y":[0]},"s":[{"c":true,"i":[[0,0],[0,0],[0,0],[0,0],[0,0],[0,0],[0,0],[0,0],[0,0],[0,0]],"o":[[0,0],[0,0],[0,0],[0,0],[0,0],[0,0],[0,0],[0,0],[0,0],[0,0]],"v":[[2.1379706317,0.09],[2.1379706317,0.0496595745],[2.6023049165,0.0496595745],[2.6023049165,0.0389361699],[2.1379706317,0.0389361699],[2.1379706317,0.0107234046],[2.6307916826,0.0107234046],[2.6307916826,0],[1.9926881429999999,0],[1.9926881429999999,0.09]]}],"t":0},{"i":{"x":[0.58],"y":[1]},"o":{"x":[0.42],"y":[0]},"s":[{"c":true,"i":[[0,0],[0,0],[0,0],[0,0],[0,0],[0,0],[0,0],[0,0],[0,0],[0,0]],"o":[[0,0],[0,0],[0,0],[0,0],[0,0],[0,0],[0,0],[0,0],[0,0],[0,0]],"v":[[2.1379706317,0.09],[2.1379706317,0.0496595745],[2.6023049165,0.0496595745],[2.6023049165,0.0389361699],[2.1379706317,0.0389361699],[2.1379706317,0.0107234046],[2.6307916826,0.0107234046],[2.6307916826,0],[1.9926881429999999,0],[1.9926881429999999,0.09]]}],"t":27},{"i":{"x":[0.58],"y":[1]},"o":{"x":[0.42],"y":[0]},"s":[{"c":true,"i":[[0,0],[0,0],[0,0],[0,0],[0,0],[0,0],[0,0],[0,0],[0,0],[0,0]],"o":[[0,0],[0,0],[0,0],[0,0],[0,0],[0,0],[0,0],[0,0],[0,0],[0,0]],"v":[[13.5025445599,6.34],[13.5025445599,3.498241137],[16.4350892255,3.498241137],[16.4350892255,2.7428368574],[13.5025445599,2.7428368574],[13.5025445599,0.7554042796],[16.6149999422,0.7554042796],[16.6149999422,0],[12.585000020999999,0],[12.585000020999999,6.34]]}],"t":30},{"i":{"x":[1],"y":[1]},"o":{"x":[0],"y":[0]},"s":[{"c":true,"i":[[0,0],[0,0],[0,0],[0,0],[0,0],[0,0],[0,0],[0,0],[0,0],[0,0]],"o":[[0,0],[0,0],[0,0],[0,0],[0,0],[0,0],[0,0],[0,0],[0,0],[0,0]],"v":[[13.5025445599,6.34],[13.5025445599,3.498241137],[16.4350892255,3.498241137],[16.4350892255,2.7428368574],[13.5025445599,2.7428368574],[13.5025445599,0.7554042796],[16.6149999422,0.7554042796],[16.6149999422,0],[12.585000020999999,0],[12.585000020999999,6.34]]}],"t":60}]},"nm":"PDF-path"},{"ty":"fl","c":{"a":1,"k":[{"i":{"x":[1],"y":[1]},"o":{"x":[0],"y":[0]},"s":[1,1,1,1],"t":0},{"i":{"x":[0.58],"y":[1]},"o":{"x":[0.42],"y":[0]},"s":[1,1,1,1],"t":27},{"i":{"x":[0.58],"y":[1]},"o":{"x":[0.42],"y":[0]},"s":[1,1,1,1],"t":28.500000000000004},{"i":{"x":[1],"y":[1]},"o":{"x":[0],"y":[0]},"s":[1,1,1,1],"t":60}]},"nm":"Fill 1","o":{"a":1,"k":[{"i":{"x":[1],"y":[1]},"o":{"x":[0],"y":[0]},"s":[25.1],"t":0},{"i":{"x":[0.58],"y":[1]},"o":{"x":[0.42],"y":[0]},"s":[25.1],"t":27},{"i":{"x":[0.58],"y":[1]},"o":{"x":[0.42],"y":[0]},"s":[100],"t":28.500000000000004},{"i":{"x":[1],"y":[1]},"o":{"x":[0],"y":[0]},"s":[100],"t":60}]},"r":1},{"ty":"tr","a":{"a":0,"k":[0,0]},"nm":"Transform","o":{"a":0,"k":100},"p":{"a":0,"k":[0,0]},"r":{"a":0,"k":0},"s":{"a":0,"k":[100,100]},"sa":{"a":0,"k":0},"sk":{"a":0,"k":0}}],"nm":"PDF-content","np":3}],"sr":1,"st":0,"tt":0}]},{"id":"comp_Mask_9C0EBE2B-3C6E-44F5-8AAE-8029156B9291","layers":[{"ty":3,"ao":0,"ddd":0,"ind":25,"ip":0,"ks":{"a":{"a":0,"k":[16.5,19.5,0]},"o":{"a":0,"k":100},"p":{"s":true,"x":{"a":0,"k":40.5},"y":{"a":1,"k":[{"i":{"x":[1],"y":[1]},"o":{"x":[0],"y":[0]},"s":[38.5],"t":0},{"i":{"x":[0.58],"y":[1]},"o":{"x":[0.42],"y":[0]},"s":[38.5],"t":43.199999999999996},{"i":{"x":[0.58],"y":[1]},"o":{"x":[0.42],"y":[0]},"s":[31.5],"t":52.5},{"i":{"x":[0.58],"y":[1]},"o":{"x":[0.42],"y":[0]},"s":[38.5],"t":60}]}},"r":{"a":1,"k":[{"i":{"x":[1],"y":[1]},"o":{"x":[0],"y":[0]},"s":[0],"t":0},{"i":{"x":[0.58],"y":[1]},"o":{"x":[0.42],"y":[0]},"s":[0],"t":43.199999999999996},{"i":{"x":[0.58],"y":[1]},"o":{"x":[0.42],"y":[0]},"s":[14.999999999999998],"t":52.5},{"i":{"x":[0.58],"y":[1]},"o":{"x":[0.42],"y":[0]},"s":[0],"t":60}]},"s":{"a":0,"k":[100,100]}},"nm":"Mask-null","op":61,"sr":1,"st":0,"tt":0},{"ty":3,"ao":0,"ddd":0,"ind":55,"ip":0,"ks":{"a":{"a":0,"k":[16.5,19.5,0]},"o":{"a":0,"k":100},"p":{"s":true,"x":{"a":0,"k":16.5},"y":{"a":0,"k":19.5}},"r":{"a":0,"k":0},"s":{"a":0,"k":[100,100]}},"nm":"Mask-null","op":61,"parent":25,"sr":1,"st":0,"tt":0},{"ty":4,"ao":0,"ddd":0,"ind":58,"ip":0,"ks":{"a":{"a":0,"k":[0,0]},"o":{"a":0,"k":100},"p":{"a":0,"k":[0,0]},"r":{"a":0,"k":0},"s":{"a":0,"k":[100,100]}},"nm":"Mask-size","op":61,"shapes":[{"ty":"gr","cix":2,"it":[{"ty":"rc","d":1,"nm":"sizeElement","p":{"a":0,"k":[40,40]},"r":{"a":0,"k":0},"s":{"a":0,"k":[80,80]}},{"ty":"fl","c":{"a":0,"k":[0,0,0,0]},"nm":"Fill 1","o":{"a":0,"k":0},"r":1},{"ty":"tr","a":{"a":0,"k":[0,0]},"nm":"Transform","o":{"a":0,"k":100},"p":{"a":0,"k":[0,0]},"r":{"a":0,"k":0},"s":{"a":0,"k":[100,100]},"sa":{"a":0,"k":0},"sk":{"a":0,"k":0}}],"nm":"Mask-size","np":3}],"sr":1,"st":0,"tt":0},{"ty":4,"ao":0,"ddd":0,"ind":51,"ip":0,"ks":{"a":{"a":0,"k":[0,0]},"o":{"a":0,"k":100},"p":{"a":0,"k":[0,0]},"r":{"a":0,"k":0},"s":{"a":0,"k":[100,100]}},"nm":"Mask-stroke","op":61,"parent":55,"shapes":[{"ty":"gr","cix":2,"it":[{"ty":"sh","ind":0,"ks":{"a":0,"k":{"c":true,"i":[[0,0],[-3.2915026221291814,5.293139918115977e-16],[0,0],[0,-3.2915026221291805],[0,0],[3.2915026221291797,0],[0,0],[4.0309281505756204e-16,3.2915026221291797]],"o":[[-4.030928150575622e-16,-3.2915026221291814],[0,0],[3.2915026221291797,2.0154640752878102e-16],[0,0],[0,3.2915026221291797],[0,0],[-3.2915026221291805,0],[0,0]],"v":[[0,6.000000000000001],[5.999999999999999,0],[27,0],[33,6],[33,33],[27,39],[6,39],[0,33]]}},"nm":"Mask-path"},{"ty":"st","c":{"a":0,"k":[1,1,1,1]},"d":[{"n":"o","nm":"offset","v":{"a":0,"k":0}}],"lc":1,"lj":1,"ml":10,"nm":"Stroke 1","o":{"a":0,"k":100},"w":{"a":0,"k":1}},{"ty":"tm","e":{"a":1,"k":[{"i":{"x":[1],"y":[1]},"o":{"x":[0],"y":[0]},"s":[0],"t":0},{"i":{"x":[0.58],"y":[1]},"o":{"x":[0.42],"y":[0]},"s":[0],"t":11.4},{"i":{"x":[0.58],"y":[1]},"o":{"x":[0.42],"y":[0]},"s":[100],"t":22.5},{"i":{"x":[1],"y":[1]},"o":{"x":[0],"y":[0]},"s":[100],"t":60}]},"m":2,"nm":"Trim Paths 1","o":{"a":0,"k":0},"s":{"a":0,"k":0}},{"ty":"tr","a":{"a":0,"k":[0,0]},"nm":"Transform","o":{"a":0,"k":100},"p":{"a":0,"k":[0,0]},"r":{"a":0,"k":0},"s":{"a":0,"k":[100,100]},"sa":{"a":0,"k":0},"sk":{"a":0,"k":0}}],"nm":"Mask-stroke","np":3}],"sr":1,"st":0,"tt":0},{"ty":4,"ao":0,"ddd":0,"ind":54,"ip":0,"ks":{"a":{"a":0,"k":[0,0]},"o":{"a":0,"k":100},"p":{"a":0,"k":[0,0]},"r":{"a":0,"k":0},"s":{"a":0,"k":[100,100]}},"nm":"Mask-content","op":61,"parent":55,"shapes":[{"ty":"gr","cix":2,"it":[{"ty":"sh","ind":0,"ks":{"a":0,"k":{"c":true,"i":[[0,0],[-3.2915026221291814,5.293139918115977e-16],[0,0],[0,-3.2915026221291805],[0,0],[3.2915026221291797,0],[0,0],[4.0309281505756204e-16,3.2915026221291797]],"o":[[-4.030928150575622e-16,-3.2915026221291814],[0,0],[3.2915026221291797,2.0154640752878102e-16],[0,0],[0,3.2915026221291797],[0,0],[-3.2915026221291805,0],[0,0]],"v":[[0,6.000000000000001],[5.999999999999999,0],[27,0],[33,6],[33,33],[27,39],[6,39],[0,33]]}},"nm":"Mask-path"},{"ty":"fl","c":{"a":1,"k":[{"i":{"x":[1],"y":[1]},"o":{"x":[0],"y":[0]},"s":[1,1,1,1],"t":0},{"i":{"x":[0.58],"y":[1]},"o":{"x":[0.42],"y":[0]},"s":[1,1,1,1],"t":22.5},{"i":{"x":[0.58],"y":[1]},"o":{"x":[0.42],"y":[0]},"s":[1,1,1,1],"t":24},{"i":{"x":[1],"y":[1]},"o":{"x":[0],"y":[0]},"s":[1,1,1,1],"t":60}]},"nm":"Fill 1","o":{"a":1,"k":[{"i":{"x":[1],"y":[1]},"o":{"x":[0],"y":[0]},"s":[0],"t":0},{"i":{"x":[0.58],"y":[1]},"o":{"x":[0.42],"y":[0]},"s":[0],"t":22.5},{"i":{"x":[0.58],"y":[1]},"o":{"x":[0.42],"y":[0]},"s":[100],"t":24},{"i":{"x":[1],"y":[1]},"o":{"x":[0],"y":[0]},"s":[100],"t":60}]},"r":1},{"ty":"tr","a":{"a":0,"k":[0,0]},"nm":"Transform","o":{"a":0,"k":100},"p":{"a":0,"k":[0,0]},"r":{"a":0,"k":0},"s":{"a":0,"k":[100,100]},"sa":{"a":0,"k":0},"sk":{"a":0,"k":0}}],"nm":"Mask-content","np":3}],"sr":1,"st":0,"tt":0}]},{"id":"comp_image_0DC8B9D5-2564-4FAC-8E18-D9C07EFCA894","layers":[{"ty":3,"ao":0,"ddd":0,"ind":25,"ip":0,"ks":{"a":{"a":0,"k":[16.5,19.5,0]},"o":{"a":0,"k":100},"p":{"s":true,"x":{"a":0,"k":40.5},"y":{"a":1,"k":[{"i":{"x":[1],"y":[1]},"o":{"x":[0],"y":[0]},"s":[38.5],"t":0},{"i":{"x":[0.58],"y":[1]},"o":{"x":[0.42],"y":[0]},"s":[38.5],"t":43.199999999999996},{"i":{"x":[0.58],"y":[1]},"o":{"x":[0.42],"y":[0]},"s":[31.5],"t":52.5},{"i":{"x":[0.58],"y":[1]},"o":{"x":[0.42],"y":[0]},"s":[38.5],"t":60}]}},"r":{"a":1,"k":[{"i":{"x":[1],"y":[1]},"o":{"x":[0],"y":[0]},"s":[0],"t":0},{"i":{"x":[0.58],"y":[1]},"o":{"x":[0.42],"y":[0]},"s":[0],"t":43.199999999999996},{"i":{"x":[0.58],"y":[1]},"o":{"x":[0.42],"y":[0]},"s":[14.999999999999998],"t":52.5},{"i":{"x":[0.58],"y":[1]},"o":{"x":[0.42],"y":[0]},"s":[0],"t":60}]},"s":{"a":0,"k":[100,100]}},"nm":"Mask-null","op":61,"sr":1,"st":0,"tt":0},{"ty":3,"ao":0,"ddd":0,"ind":65,"ip":0,"ks":{"a":{"a":0,"k":[0,0,0]},"o":{"a":0,"k":100},"p":{"s":true,"x":{"a":0,"k":5},"y":{"a":0,"k":19}},"r":{"a":0,"k":0},"s":{"a":0,"k":[100,100]}},"nm":"image-null","op":61,"parent":25,"sr":1,"st":0,"tt":0},{"ty":4,"ao":0,"ddd":0,"ind":64,"ip":0,"ks":{"a":{"a":0,"k":[0,0]},"o":{"a":0,"k":100},"p":{"a":0,"k":[0,0]},"r":{"a":0,"k":0},"s":{"a":0,"k":[100,100]}},"nm":"image-content","op":61,"parent":65,"shapes":[{"ty":"gr","cix":2,"it":[{"ty":"sh","ind":0,"ks":{"a":0,"k":{"c":true,"i":[[0,0],[-0.5485837703548636,8.821899863526628e-17],[0,0],[0,-0.5485837703548634],[0,0],[0.5485837703548633,0],[0,0],[6.718213584292704e-17,0.5485837703548633],[0,0]],"o":[[-6.718213584292704e-17,-0.5485837703548636],[0,0],[0.5485837703548633,3.359106792146351e-17],[0,0],[0,0.5485837703548633],[0,0],[-0.5485837703548636,0],[0,0],[0,0]],"v":[[0,1.0000000000000002],[0.9999999999999999,0],[7,0],[8,1],[8,6],[7,7],[1.0000000000000002,7],[0,6],[0,6]]}},"nm":"image-path"},{"ty":"fl","c":{"a":0,"k":[0.6,0.89,0.871,1]},"nm":"Fill 1","o":{"a":0,"k":100},"r":1},{"ty":"tr","a":{"a":0,"k":[0,0]},"nm":"Transform","o":{"a":0,"k":100},"p":{"a":0,"k":[0,0]},"r":{"a":0,"k":0},"s":{"a":0,"k":[100,100]},"sa":{"a":0,"k":0},"sk":{"a":0,"k":0}}],"nm":"image-content","np":3}],"sr":1,"st":0,"tt":0}]},{"id":"comp_line3_BBEA7A48-55A9-46C3-B7A0-D1B7CC7AA82B","layers":[{"ty":3,"ao":0,"ddd":0,"ind":25,"ip":0,"ks":{"a":{"a":0,"k":[16.5,19.5,0]},"o":{"a":0,"k":100},"p":{"s":true,"x":{"a":0,"k":40.5},"y":{"a":1,"k":[{"i":{"x":[1],"y":[1]},"o":{"x":[0],"y":[0]},"s":[38.5],"t":0},{"i":{"x":[0.58],"y":[1]},"o":{"x":[0.42],"y":[0]},"s":[38.5],"t":43.199999999999996},{"i":{"x":[0.58],"y":[1]},"o":{"x":[0.42],"y":[0]},"s":[31.5],"t":52.5},{"i":{"x":[0.58],"y":[1]},"o":{"x":[0.42],"y":[0]},"s":[38.5],"t":60}]}},"r":{"a":1,"k":[{"i":{"x":[1],"y":[1]},"o":{"x":[0],"y":[0]},"s":[0],"t":0},{"i":{"x":[0.58],"y":[1]},"o":{"x":[0.42],"y":[0]},"s":[0],"t":43.199999999999996},{"i":{"x":[0.58],"y":[1]},"o":{"x":[0.42],"y":[0]},"s":[14.999999999999998],"t":52.5},{"i":{"x":[0.58],"y":[1]},"o":{"x":[0.42],"y":[0]},"s":[0],"t":60}]},"s":{"a":0,"k":[100,100]}},"nm":"Mask-null","op":61,"sr":1,"st":0,"tt":0},{"ty":3,"ao":0,"ddd":0,"ind":75,"ip":0,"ks":{"a":{"a":1,"k":[{"i":{"x":[1],"y":[1]},"o":{"x":[0],"y":[0]},"s":[0,0,0],"t":0},{"i":{"x":[0.58],"y":[1]},"o":{"x":[0.42],"y":[0]},"s":[0,0,0],"t":34.8},{"i":{"x":[0.58],"y":[1]},"o":{"x":[0.42],"y":[0]},"s":[0,0,0],"t":38.7},{"i":{"x":[1],"y":[1]},"o":{"x":[0],"y":[0]},"s":[0,0,0],"t":60}]},"o":{"a":0,"k":100},"p":{"s":true,"x":{"a":0,"k":5},"y":{"a":0,"k":29}},"r":{"a":0,"k":0},"s":{"a":0,"k":[100,100]}},"nm":"line3-null","op":61,"parent":25,"sr":1,"st":0,"tt":0},{"ty":4,"ao":0,"ddd":0,"ind":74,"ip":0,"ks":{"a":{"a":0,"k":[0,0]},"o":{"a":0,"k":100},"p":{"a":0,"k":[0,0]},"r":{"a":0,"k":0},"s":{"a":0,"k":[100,100]}},"nm":"line3-content","op":61,"parent":75,"shapes":[{"ty":"gr","cix":2,"it":[{"ty":"sh","ind":0,"ks":{"a":1,"k":[{"i":{"x":[1],"y":[1]},"o":{"x":[0],"y":[0]},"s":[{"c":true,"i":[[0,0],[-0.2742918851774318,4.410949931763314e-17],[0,0],[0,-0.2742918851774317],[0,0],[0.27429188517743164,0],[0,0],[3.359106792146352e-17,0.27429188517743175],[0,0]],"o":[[-3.359106792146352e-17,-0.2742918851774318],[0,0],[0.27429188517743164,1.6795533960731754e-17],[0,0],[0,0.27429188517743164],[0,0],[-0.2742918851774318,0],[0,0],[0,0]],"v":[[0,0.5000000000000001],[0.49999999999999994,0],[10.5,0],[11,0.5],[11,0.5],[10.5,1],[0.5000000000000001,1],[0,0.5000000000000001],[0,0.5000000000000001]]}],"t":0},{"i":{"x":[0.58],"y":[1]},"o":{"x":[0.42],"y":[0]},"s":[{"c":true,"i":[[0,0],[-0.2742918851774318,4.410949931763314e-17],[0,0],[0,-0.2742918851774317],[0,0],[0.27429188517743164,0],[0,0],[3.359106792146352e-17,0.27429188517743175],[0,0]],"o":[[-3.359106792146352e-17,-0.2742918851774318],[0,0],[0.27429188517743164,1.6795533960731754e-17],[0,0],[0,0.27429188517743164],[0,0],[-0.2742918851774318,0],[0,0],[0,0]],"v":[[0,0.5000000000000001],[0.49999999999999994,0],[10.5,0],[11,0.5],[11,0.5],[10.5,1],[0.5000000000000001,1],[0,0.5000000000000001],[0,0.5000000000000001]]}],"t":34.8},{"i":{"x":[0.58],"y":[1]},"o":{"x":[0.42],"y":[0]},"s":[{"c":true,"i":[[0,0],[-0.5485837703548636,8.821899863526628e-17],[0,0],[0,-0.5485837703548634],[0,0],[0.5485837703548633,0],[0,0],[6.718213584292704e-17,0.5485837703548635],[0,0]],"o":[[-6.718213584292704e-17,-0.5485837703548636],[0,0],[0.5485837703548633,3.359106792146351e-17],[0,0],[0,0.5485837703548633],[0,0],[-0.5485837703548636,0],[0,0],[0,0]],"v":[[0,1.0000000000000002],[0.9999999999999999,0],[21,0],[22,1],[22,1],[21,2],[1.0000000000000002,2],[0,1.0000000000000002],[0,1.0000000000000002]]}],"t":38.7},{"i":{"x":[1],"y":[1]},"o":{"x":[0],"y":[0]},"s":[{"c":true,"i":[[0,0],[-0.5485837703548636,8.821899863526628e-17],[0,0],[0,-0.5485837703548634],[0,0],[0.5485837703548633,0],[0,0],[6.718213584292704e-17,0.5485837703548635],[0,0]],"o":[[-6.718213584292704e-17,-0.5485837703548636],[0,0],[0.5485837703548633,3.359106792146351e-17],[0,0],[0,0.5485837703548633],[0,0],[-0.5485837703548636,0],[0,0],[0,0]],"v":[[0,1.0000000000000002],[0.9999999999999999,0],[21,0],[22,1],[22,1],[21,2],[1.0000000000000002,2],[0,1.0000000000000002],[0,1.0000000000000002]]}],"t":60}]},"nm":"line3-path"},{"ty":"fl","c":{"a":0,"k":[0.6,0.89,0.871,1]},"nm":"Fill 1","o":{"a":0,"k":100},"r":1},{"ty":"tr","a":{"a":0,"k":[0,0]},"nm":"Transform","o":{"a":0,"k":100},"p":{"a":0,"k":[0,0]},"r":{"a":0,"k":0},"s":{"a":0,"k":[100,100]},"sa":{"a":0,"k":0},"sk":{"a":0,"k":0}}],"nm":"line3-content","np":3}],"sr":1,"st":0,"tt":0}]},{"id":"comp_line2_ECA0ED52-9D4F-4D7F-B810-BEF4ED6744AA","layers":[{"ty":3,"ao":0,"ddd":0,"ind":25,"ip":0,"ks":{"a":{"a":0,"k":[16.5,19.5,0]},"o":{"a":0,"k":100},"p":{"s":true,"x":{"a":0,"k":40.5},"y":{"a":1,"k":[{"i":{"x":[1],"y":[1]},"o":{"x":[0],"y":[0]},"s":[38.5],"t":0},{"i":{"x":[0.58],"y":[1]},"o":{"x":[0.42],"y":[0]},"s":[38.5],"t":43.199999999999996},{"i":{"x":[0.58],"y":[1]},"o":{"x":[0.42],"y":[0]},"s":[31.5],"t":52.5},{"i":{"x":[0.58],"y":[1]},"o":{"x":[0.42],"y":[0]},"s":[38.5],"t":60}]}},"r":{"a":1,"k":[{"i":{"x":[1],"y":[1]},"o":{"x":[0],"y":[0]},"s":[0],"t":0},{"i":{"x":[0.58],"y":[1]},"o":{"x":[0.42],"y":[0]},"s":[0],"t":43.199999999999996},{"i":{"x":[0.58],"y":[1]},"o":{"x":[0.42],"y":[0]},"s":[14.999999999999998],"t":52.5},{"i":{"x":[0.58],"y":[1]},"o":{"x":[0.42],"y":[0]},"s":[0],"t":60}]},"s":{"a":0,"k":[100,100]}},"nm":"Mask-null","op":61,"sr":1,"st":0,"tt":0},{"ty":3,"ao":0,"ddd":0,"ind":85,"ip":0,"ks":{"a":{"a":1,"k":[{"i":{"x":[1],"y":[1]},"o":{"x":[0],"y":[0]},"s":[0,0,0],"t":0},{"i":{"x":[0.58],"y":[1]},"o":{"x":[0.42],"y":[0]},"s":[0,0,0],"t":33.6},{"i":{"x":[0.58],"y":[1]},"o":{"x":[0.42],"y":[0]},"s":[0,0,0],"t":36},{"i":{"x":[1],"y":[1]},"o":{"x":[0],"y":[0]},"s":[0,0,0],"t":60}]},"o":{"a":0,"k":100},"p":{"s":true,"x":{"a":0,"k":15},"y":{"a":0,"k":24}},"r":{"a":0,"k":0},"s":{"a":0,"k":[100,100]}},"nm":"line2-null","op":61,"parent":25,"sr":1,"st":0,"tt":0},{"ty":4,"ao":0,"ddd":0,"ind":84,"ip":0,"ks":{"a":{"a":0,"k":[0,0]},"o":{"a":0,"k":100},"p":{"a":0,"k":[0,0]},"r":{"a":0,"k":0},"s":{"a":0,"k":[100,100]}},"nm":"line2-content","op":61,"parent":85,"shapes":[{"ty":"gr","cix":2,"it":[{"ty":"sh","ind":0,"ks":{"a":1,"k":[{"i":{"x":[1],"y":[1]},"o":{"x":[0],"y":[0]},"s":[{"c":true,"i":[[0,0],[-0.054858377035486364,8.821899863526628e-18],[0,0],[0,-0.05485837703548636],[0,0],[0.05485837703548646,0],[0,0],[6.718213584292704e-18,0.054858377035486364],[0,0]],"o":[[-6.718213584292704e-18,-0.054858377035486364],[0,0],[0.05485837703548646,3.3591067921463517e-18],[0,0],[0,0.05485837703548635],[0,0],[-0.054858377035486364,2.7755575615628914e-17],[0,0],[0,0]],"v":[[0,0.10000000000000002],[0.09999999999999999,0],[1.0999999999999999,0],[1.2,0.10000000000000003],[1.2,0.09999999999999998],[1.0999999999999999,0.2],[0.10000000000000003,0.2],[0,0.10000000000000002],[0,0.10000000000000002]]}],"t":0},{"i":{"x":[0.58],"y":[1]},"o":{"x":[0.42],"y":[0]},"s":[{"c":true,"i":[[0,0],[-0.054858377035486364,8.821899863526628e-18],[0,0],[0,-0.05485837703548636],[0,0],[0.05485837703548646,0],[0,0],[6.718213584292704e-18,0.054858377035486364],[0,0]],"o":[[-6.718213584292704e-18,-0.054858377035486364],[0,0],[0.05485837703548646,3.3591067921463517e-18],[0,0],[0,0.05485837703548635],[0,0],[-0.054858377035486364,2.7755575615628914e-17],[0,0],[0,0]],"v":[[0,0.10000000000000002],[0.09999999999999999,0],[1.0999999999999999,0],[1.2,0.10000000000000003],[1.2,0.09999999999999998],[1.0999999999999999,0.2],[0.10000000000000003,0.2],[0,0.10000000000000002],[0,0.10000000000000002]]}],"t":33.6},{"i":{"x":[0.58],"y":[1]},"o":{"x":[0.42],"y":[0]},"s":[{"c":true,"i":[[0,0],[-0.5485837703548636,8.821899863526628e-17],[0,0],[0,-0.5485837703548634],[0,0],[0.5485837703548633,0],[0,0],[6.718213584292704e-17,0.5485837703548635],[0,0]],"o":[[-6.718213584292704e-17,-0.5485837703548636],[0,0],[0.5485837703548633,3.359106792146351e-17],[0,0],[0,0.5485837703548633],[0,0],[-0.5485837703548636,0],[0,0],[0,0]],"v":[[0,1.0000000000000002],[0.9999999999999999,0],[11,0],[12,1],[12,1],[11,2],[1.0000000000000002,2],[0,1.0000000000000002],[0,1.0000000000000002]]}],"t":36},{"i":{"x":[1],"y":[1]},"o":{"x":[0],"y":[0]},"s":[{"c":true,"i":[[0,0],[-0.5485837703548636,8.821899863526628e-17],[0,0],[0,-0.5485837703548634],[0,0],[0.5485837703548633,0],[0,0],[6.718213584292704e-17,0.5485837703548635],[0,0]],"o":[[-6.718213584292704e-17,-0.5485837703548636],[0,0],[0.5485837703548633,3.359106792146351e-17],[0,0],[0,0.5485837703548633],[0,0],[-0.5485837703548636,0],[0,0],[0,0]],"v":[[0,1.0000000000000002],[0.9999999999999999,0],[11,0],[12,1],[12,1],[11,2],[1.0000000000000002,2],[0,1.0000000000000002],[0,1.0000000000000002]]}],"t":60}]},"nm":"line2-path"},{"ty":"fl","c":{"a":0,"k":[0.6,0.89,0.871,1]},"nm":"Fill 1","o":{"a":0,"k":100},"r":1},{"ty":"tr","a":{"a":0,"k":[0,0]},"nm":"Transform","o":{"a":0,"k":100},"p":{"a":0,"k":[0,0]},"r":{"a":0,"k":0},"s":{"a":0,"k":[100,100]},"sa":{"a":0,"k":0},"sk":{"a":0,"k":0}}],"nm":"line2-content","np":3}],"sr":1,"st":0,"tt":0}]},{"id":"comp_line1_18B726E2-3533-469B-AA86-0D6DB7E936A2","layers":[{"ty":3,"ao":0,"ddd":0,"ind":25,"ip":0,"ks":{"a":{"a":0,"k":[16.5,19.5,0]},"o":{"a":0,"k":100},"p":{"s":true,"x":{"a":0,"k":40.5},"y":{"a":1,"k":[{"i":{"x":[1],"y":[1]},"o":{"x":[0],"y":[0]},"s":[38.5],"t":0},{"i":{"x":[0.58],"y":[1]},"o":{"x":[0.42],"y":[0]},"s":[38.5],"t":43.199999999999996},{"i":{"x":[0.58],"y":[1]},"o":{"x":[0.42],"y":[0]},"s":[31.5],"t":52.5},{"i":{"x":[0.58],"y":[1]},"o":{"x":[0.42],"y":[0]},"s":[38.5],"t":60}]}},"r":{"a":1,"k":[{"i":{"x":[1],"y":[1]},"o":{"x":[0],"y":[0]},"s":[0],"t":0},{"i":{"x":[0.58],"y":[1]},"o":{"x":[0.42],"y":[0]},"s":[0],"t":43.199999999999996},{"i":{"x":[0.58],"y":[1]},"o":{"x":[0.42],"y":[0]},"s":[14.999999999999998],"t":52.5},{"i":{"x":[0.58],"y":[1]},"o":{"x":[0.42],"y":[0]},"s":[0],"t":60}]},"s":{"a":0,"k":[100,100]}},"nm":"Mask-null","op":61,"sr":1,"st":0,"tt":0},{"ty":3,"ao":0,"ddd":0,"ind":95,"ip":0,"ks":{"a":{"a":1,"k":[{"i":{"x":[1],"y":[1]},"o":{"x":[0],"y":[0]},"s":[0,0,0],"t":0},{"i":{"x":[0.58],"y":[1]},"o":{"x":[0.42],"y":[0]},"s":[0,0,0],"t":32.7},{"i":{"x":[0.58],"y":[1]},"o":{"x":[0.42],"y":[0]},"s":[0,0,0],"t":34.8},{"i":{"x":[1],"y":[1]},"o":{"x":[0],"y":[0]},"s":[0,0,0],"t":60}]},"o":{"a":0,"k":100},"p":{"s":true,"x":{"a":0,"k":15},"y":{"a":0,"k":19}},"r":{"a":0,"k":0},"s":{"a":0,"k":[100,100]}},"nm":"line1-null","op":61,"parent":25,"sr":1,"st":0,"tt":0},{"ty":4,"ao":0,"ddd":0,"ind":94,"ip":0,"ks":{"a":{"a":0,"k":[0,0]},"o":{"a":0,"k":100},"p":{"a":0,"k":[0,0]},"r":{"a":0,"k":0},"s":{"a":0,"k":[100,100]}},"nm":"line1-content","op":61,"parent":95,"shapes":[{"ty":"gr","cix":2,"it":[{"ty":"sh","ind":0,"ks":{"a":1,"k":[{"i":{"x":[1],"y":[1]},"o":{"x":[0],"y":[0]},"s":[{"c":true,"i":[[0,0],[-0.054858377035486364,8.821899863526628e-18],[0,0],[0,-0.05485837703548636],[0,0],[0.05485837703548646,0],[0,0],[6.718213584292704e-18,0.054858377035486364],[0,0]],"o":[[-6.718213584292704e-18,-0.054858377035486364],[0,0],[0.05485837703548646,3.3591067921463517e-18],[0,0],[0,0.05485837703548635],[0,0],[-0.054858377035486364,2.7755575615628914e-17],[0,0],[0,0]],"v":[[0,0.10000000000000002],[0.09999999999999999,0],[1.0999999999999999,0],[1.2,0.10000000000000003],[1.2,0.09999999999999998],[1.0999999999999999,0.2],[0.10000000000000003,0.2],[0,0.10000000000000002],[0,0.10000000000000002]]}],"t":0},{"i":{"x":[0.58],"y":[1]},"o":{"x":[0.42],"y":[0]},"s":[{"c":true,"i":[[0,0],[-0.054858377035486364,8.821899863526628e-18],[0,0],[0,-0.05485837703548636],[0,0],[0.05485837703548646,0],[0,0],[6.718213584292704e-18,0.054858377035486364],[0,0]],"o":[[-6.718213584292704e-18,-0.054858377035486364],[0,0],[0.05485837703548646,3.3591067921463517e-18],[0,0],[0,0.05485837703548635],[0,0],[-0.054858377035486364,2.7755575615628914e-17],[0,0],[0,0]],"v":[[0,0.10000000000000002],[0.09999999999999999,0],[1.0999999999999999,0],[1.2,0.10000000000000003],[1.2,0.09999999999999998],[1.0999999999999999,0.2],[0.10000000000000003,0.2],[0,0.10000000000000002],[0,0.10000000000000002]]}],"t":32.7},{"i":{"x":[0.58],"y":[1]},"o":{"x":[0.42],"y":[0]},"s":[{"c":true,"i":[[0,0],[-0.5485837703548636,8.821899863526628e-17],[0,0],[0,-0.5485837703548634],[0,0],[0.5485837703548633,0],[0,0],[6.718213584292704e-17,0.5485837703548635],[0,0]],"o":[[-6.718213584292704e-17,-0.5485837703548636],[0,0],[0.5485837703548633,3.359106792146351e-17],[0,0],[0,0.5485837703548633],[0,0],[-0.5485837703548636,0],[0,0],[0,0]],"v":[[0,1.0000000000000002],[0.9999999999999999,0],[11,0],[12,1],[12,1],[11,2],[1.0000000000000002,2],[0,1.0000000000000002],[0,1.0000000000000002]]}],"t":34.8},{"i":{"x":[1],"y":[1]},"o":{"x":[0],"y":[0]},"s":[{"c":true,"i":[[0,0],[-0.5485837703548636,8.821899863526628e-17],[0,0],[0,-0.5485837703548634],[0,0],[0.5485837703548633,0],[0,0],[6.718213584292704e-17,0.5485837703548635],[0,0]],"o":[[-6.718213584292704e-17,-0.5485837703548636],[0,0],[0.5485837703548633,3.359106792146351e-17],[0,0],[0,0.5485837703548633],[0,0],[-0.5485837703548636,0],[0,0],[0,0]],"v":[[0,1.0000000000000002],[0.9999999999999999,0],[11,0],[12,1],[12,1],[11,2],[1.0000000000000002,2],[0,1.0000000000000002],[0,1.0000000000000002]]}],"t":60}]},"nm":"line1-path"},{"ty":"fl","c":{"a":0,"k":[0.6,0.89,0.871,1]},"nm":"Fill 1","o":{"a":0,"k":100},"r":1},{"ty":"tr","a":{"a":0,"k":[0,0]},"nm":"Transform","o":{"a":0,"k":100},"p":{"a":0,"k":[0,0]},"r":{"a":0,"k":0},"s":{"a":0,"k":[100,100]},"sa":{"a":0,"k":0},"sk":{"a":0,"k":0}}],"nm":"line1-content","np":3}],"sr":1,"st":0,"tt":0}]}],"ddd":0,"fonts":{"list":[]},"fr":30,"h":80,"ip":0,"layers":[{"ty":0,"ao":0,"ddd":0,"h":80,"ind":47,"ip":0,"ks":{"a":{"a":0,"k":[0,0]},"o":{"a":0,"k":100},"p":{"a":0,"k":[0,0]},"r":{"a":0,"k":0},"s":{"a":0,"k":[100,100]}},"nm":"Group-maskComposition","op":61,"refId":"maskComp_Group_0EF32C30-DCBB-458A-997E-C02BD339D9DE","sr":1,"st":0,"tt":0,"w":80},{"ty":0,"ao":0,"ddd":0,"h":80,"ind":37,"ip":0,"ks":{"a":{"a":0,"k":[0,0]},"o":{"a":0,"k":100},"p":{"a":0,"k":[0,0]},"r":{"a":0,"k":0},"s":{"a":0,"k":[100,100]}},"nm":"PDF-maskComposition","op":61,"refId":"maskComp_PDF_151C07AA-5FA7-4A2E-B906-7F2D5156ECE8","sr":1,"st":0,"tt":0,"w":80},{"ty":0,"ao":0,"ddd":0,"h":80,"ind":27,"ip":0,"ks":{"a":{"a":0,"k":[0,0]},"o":{"a":0,"k":100},"p":{"a":0,"k":[0,0]},"r":{"a":0,"k":0},"s":{"a":0,"k":[100,100]}},"nm":"Mask-maskComposition","op":61,"refId":"maskComp_Mask_0B9A2101-02A8-40C5-A755-874B2A1A1058","sr":1,"st":0,"tt":0,"w":80},{"ty":0,"ao":0,"ddd":0,"h":80,"ind":10,"ip":0,"ks":{"a":{"a":0,"k":[0,0]},"o":{"a":0,"k":100},"p":{"a":0,"k":[0,0]},"r":{"a":0,"k":0},"s":{"a":0,"k":[100,100]}},"nm":"Rectangle-composition","op":61,"refId":"comp_Rectangle_88036538-D188-4A9A-8635-CBC16E7DA27F","sr":1,"st":0,"tt":0,"w":80},{"ty":4,"ao":0,"ddd":0,"ind":2,"ip":0,"ks":{"a":{"a":0,"k":[0,0]},"o":{"a":0,"k":100},"p":{"a":0,"k":[0,0]},"r":{"a":0,"k":0},"s":{"a":0,"k":[100,100]}},"nm":"pdf_01-background","op":61,"shapes":[{"ty":"gr","cix":2,"it":[{"ty":"rc","d":1,"nm":"pdf_01-background","p":{"a":0,"k":[40,40]},"r":{"a":0,"k":0},"s":{"a":0,"k":[80,80]}},{"ty":"fl","c":{"a":0,"k":[1,1,1,1]},"nm":"Fill 1","o":{"a":0,"k":0},"r":1},{"ty":"tr","a":{"a":0,"k":[0,0]},"nm":"Transform","o":{"a":0,"k":100},"p":{"a":0,"k":[0,0]},"r":{"a":0,"k":0},"s":{"a":0,"k":[100,100]},"sa":{"a":0,"k":0},"sk":{"a":0,"k":0}}],"nm":"pdf_01-background","np":3}],"sr":1,"st":0,"tt":0}],"meta":{"a":"","d":"pdf","g":"Flow 1.9.0","k":"","tc":""},"nm":"pdf","op":61,"v":"5.6.4","w":80}